STATION,NAME,DATE,PRCP,TMAX,TMIN
USC00410433,"AUSTIN GREAT HILLS, TX US",2/17/16,0,79,45
USC00410433,"AUSTIN GREAT HILLS, TX US",2/18/16,0,73,46
USC00410433,"AUSTIN GREAT HILLS, TX US",2/19/16,0,77,53
USC00410433,"AUSTIN GREAT HILLS, TX US",2/20/16,0,79,62
USC00410433,"AUSTIN GREAT HILLS, TX US",2/21/16,0,73,63
USC00410433,"AUSTIN GREAT HILLS, TX US",2/22/16,0.01,68,57
USC00410433,"AUSTIN GREAT HILLS, TX US",2/23/16,1.38,72,54
USC00410433,"AUSTIN GREAT HILLS, TX US",2/24/16,0,55,41
USC00410433,"AUSTIN GREAT HILLS, TX US",2/25/16,0,64,35
USC00410433,"AUSTIN GREAT HILLS, TX US",2/26/16,0,67,35
USC00410433,"AUSTIN GREAT HILLS, TX US",2/27/16,0,64,35
USC00410433,"AUSTIN GREAT HILLS, TX US",2/28/16,0,71,42
USC00410433,"AUSTIN GREAT HILLS, TX US",2/29/16,0,76,54
USC00410433,"AUSTIN GREAT HILLS, TX US",3/1/16,0,77,61
USC00410433,"AUSTIN GREAT HILLS, TX US",3/2/16,0,80,44
USC00410433,"AUSTIN GREAT HILLS, TX US",3/3/16,0,76,44
USC00410433,"AUSTIN GREAT HILLS, TX US",3/4/16,0,81,43
USC00410433,"AUSTIN GREAT HILLS, TX US",3/5/16,0,75,44
USC00410433,"AUSTIN GREAT HILLS, TX US",3/6/16,0,78,56
USC00410433,"AUSTIN GREAT HILLS, TX US",3/7/16,0,74,57
USC00410433,"AUSTIN GREAT HILLS, TX US",3/8/16,0.02,74,62
USC00410433,"AUSTIN GREAT HILLS, TX US",3/9/16,1.48,82,56
USC00410433,"AUSTIN GREAT HILLS, TX US",3/10/16,1.1,58,56
USC00410433,"AUSTIN GREAT HILLS, TX US",3/11/16,0.25,60,56
USC00410433,"AUSTIN GREAT HILLS, TX US",3/12/16,0.2,67,55
USC00410433,"AUSTIN GREAT HILLS, TX US",3/13/16,0,73,54
USC00410433,"AUSTIN GREAT HILLS, TX US",3/14/16,0,84,51
USC00410433,"AUSTIN GREAT HILLS, TX US",3/15/16,0,93,51
USC00410433,"AUSTIN GREAT HILLS, TX US",3/16/16,0,91,59
USC00410433,"AUSTIN GREAT HILLS, TX US",3/17/16,0,81,59
USC00410433,"AUSTIN GREAT HILLS, TX US",3/18/16,0,77,65
USC00410433,"AUSTIN GREAT HILLS, TX US",3/19/16,0.1,78,44
USC00410433,"AUSTIN GREAT HILLS, TX US",3/20/16,0,62,37
USC00410433,"AUSTIN GREAT HILLS, TX US",3/21/16,0,63,32
USC00410433,"AUSTIN GREAT HILLS, TX US",3/22/16,0,68,32
USC00410433,"AUSTIN GREAT HILLS, TX US",3/23/16,0,76,47
USC00410433,"AUSTIN GREAT HILLS, TX US",3/24/16,0.17,80,49
USC00410433,"AUSTIN GREAT HILLS, TX US",3/25/16,0,68,37
USC00410433,"AUSTIN GREAT HILLS, TX US",3/26/16,0,74,37
USC00410433,"AUSTIN GREAT HILLS, TX US",3/27/16,0,74,49
USC00410433,"AUSTIN GREAT HILLS, TX US",3/28/16,0,73,45
USC00410433,"AUSTIN GREAT HILLS, TX US",3/29/16,0,74,45
USC00410433,"AUSTIN GREAT HILLS, TX US",3/30/16,0.06,67,60
USC00410433,"AUSTIN GREAT HILLS, TX US",3/31/16,0,73,64
USC00410433,"AUSTIN GREAT HILLS, TX US",4/1/16,0.07,84,51
USC00410433,"AUSTIN GREAT HILLS, TX US",4/2/16,0.19,57,41
USC00410433,"AUSTIN GREAT HILLS, TX US",4/3/16,0,72,41
USC00410433,"AUSTIN GREAT HILLS, TX US",4/4/16,0,78,43
USC00410433,"AUSTIN GREAT HILLS, TX US",4/5/16,0,83,49
USC00410433,"AUSTIN GREAT HILLS, TX US",4/6/16,0,81,49
USC00410433,"AUSTIN GREAT HILLS, TX US",4/7/16,0,79,44
USC00410433,"AUSTIN GREAT HILLS, TX US",4/8/16,0,85,44
USC00410433,"AUSTIN GREAT HILLS, TX US",4/9/16,0,78,57
USC00410433,"AUSTIN GREAT HILLS, TX US",4/10/16,0,76,58
USC00410433,"AUSTIN GREAT HILLS, TX US",4/11/16,0,76,64
USC00410433,"AUSTIN GREAT HILLS, TX US",4/12/16,0,87,61
USC00410433,"AUSTIN GREAT HILLS, TX US",4/13/16,0.99,67,58
USC00410433,"AUSTIN GREAT HILLS, TX US",4/14/16,0,68,51
USC00410433,"AUSTIN GREAT HILLS, TX US",4/15/16,0,74,51
USC00410433,"AUSTIN GREAT HILLS, TX US",4/16/16,0,78,57
USC00410433,"AUSTIN GREAT HILLS, TX US",4/17/16,0.24,71,63
USC00410433,"AUSTIN GREAT HILLS, TX US",4/18/16,2.39,75,61
USC00410433,"AUSTIN GREAT HILLS, TX US",4/19/16,0.45,69,61
USC00410433,"AUSTIN GREAT HILLS, TX US",4/20/16,0.34,76,59
USC00410433,"AUSTIN GREAT HILLS, TX US",4/21/16,0.2,79,58
USC00410433,"AUSTIN GREAT HILLS, TX US",4/22/16,0.22,79,56
USC00410433,"AUSTIN GREAT HILLS, TX US",4/23/16,0,81,53
USC00410433,"AUSTIN GREAT HILLS, TX US",4/24/16,0,82,53
USC00410433,"AUSTIN GREAT HILLS, TX US",4/25/16,0,77,61
USC00410433,"AUSTIN GREAT HILLS, TX US",4/26/16,0,87,68
USC00410433,"AUSTIN GREAT HILLS, TX US",4/27/16,0.61,83,59
USC00410433,"AUSTIN GREAT HILLS, TX US",4/28/16,0,86,59
USC00410433,"AUSTIN GREAT HILLS, TX US",4/29/16,0.04,86,65
USC00410433,"AUSTIN GREAT HILLS, TX US",4/30/16,0.23,82,63
USC00410433,"AUSTIN GREAT HILLS, TX US",5/1/16,0,83,63
USC00410433,"AUSTIN GREAT HILLS, TX US",5/2/16,0,74,58
USC00410433,"AUSTIN GREAT HILLS, TX US",5/3/16,0,67,48
USC00410433,"AUSTIN GREAT HILLS, TX US",5/4/16,0,75,48
USC00410433,"AUSTIN GREAT HILLS, TX US",5/5/16,0,84,53
USC00410433,"AUSTIN GREAT HILLS, TX US",5/6/16,0,86,53
USC00410433,"AUSTIN GREAT HILLS, TX US",5/7/16,0,85,53
USC00410433,"AUSTIN GREAT HILLS, TX US",5/8/16,0,84,59
USC00410433,"AUSTIN GREAT HILLS, TX US",5/9/16,0.08,70,64
USC00410433,"AUSTIN GREAT HILLS, TX US",5/10/16,0,86,66
USC00410433,"AUSTIN GREAT HILLS, TX US",5/11/16,0.59,90,62
USC00410433,"AUSTIN GREAT HILLS, TX US",5/12/16,0,85,63
USC00410433,"AUSTIN GREAT HILLS, TX US",5/13/16,0.12,81,67
USC00410433,"AUSTIN GREAT HILLS, TX US",5/14/16,0,87,68
USC00410433,"AUSTIN GREAT HILLS, TX US",5/15/16,0.56,79,58
USC00410433,"AUSTIN GREAT HILLS, TX US",5/16/16,0.59,70,58
USC00410433,"AUSTIN GREAT HILLS, TX US",5/17/16,0,77,65
USC00410433,"AUSTIN GREAT HILLS, TX US",5/18/16,0.36,82,60
USC00410433,"AUSTIN GREAT HILLS, TX US",5/19/16,0.22,74,59
USC00410433,"AUSTIN GREAT HILLS, TX US",5/20/16,2.06,72,59
USC00410433,"AUSTIN GREAT HILLS, TX US",5/21/16,0,80,61
USC00410433,"AUSTIN GREAT HILLS, TX US",5/22/16,0,80,68
USC00410433,"AUSTIN GREAT HILLS, TX US",5/23/16,0,86,70
USC00410433,"AUSTIN GREAT HILLS, TX US",5/24/16,0,82,70
USC00410433,"AUSTIN GREAT HILLS, TX US",5/25/16,0,85,72
USC00410433,"AUSTIN GREAT HILLS, TX US",5/26/16,0,82,74
USC00410433,"AUSTIN GREAT HILLS, TX US",5/27/16,0.47,88,65
USC00410433,"AUSTIN GREAT HILLS, TX US",5/28/16,0.03,75,61
USC00410433,"AUSTIN GREAT HILLS, TX US",5/29/16,0.22,89,66
USC00410433,"AUSTIN GREAT HILLS, TX US",5/30/16,0.16,85,64
USC00410433,"AUSTIN GREAT HILLS, TX US",5/31/16,0.2,88,64
USC00410433,"AUSTIN GREAT HILLS, TX US",6/1/16,0.89,80,65
USC00410433,"AUSTIN GREAT HILLS, TX US",6/2/16,0.26,85,66
USC00410433,"AUSTIN GREAT HILLS, TX US",6/3/16,0.22,78,63
USC00410433,"AUSTIN GREAT HILLS, TX US",6/4/16,2.37,84,63
USC00410433,"AUSTIN GREAT HILLS, TX US",6/5/16,0.17,82,65
USC00410433,"AUSTIN GREAT HILLS, TX US",6/6/16,0,85,65
USC00410433,"AUSTIN GREAT HILLS, TX US",6/7/16,0,87,66
USC00410433,"AUSTIN GREAT HILLS, TX US",6/8/16,0,89,66
USC00410433,"AUSTIN GREAT HILLS, TX US",6/9/16,0,90,67
USC00410433,"AUSTIN GREAT HILLS, TX US",6/10/16,0,90,66
USC00410433,"AUSTIN GREAT HILLS, TX US",6/11/16,0,90,67
USC00410433,"AUSTIN GREAT HILLS, TX US",6/12/16,0,92,74
USC00410433,"AUSTIN GREAT HILLS, TX US",6/13/16,0,92,75
USC00410433,"AUSTIN GREAT HILLS, TX US",6/14/16,0,92,75
USC00410433,"AUSTIN GREAT HILLS, TX US",6/15/16,0,93,76
USC00410433,"AUSTIN GREAT HILLS, TX US",6/16/16,0,95,73
USC00410433,"AUSTIN GREAT HILLS, TX US",6/17/16,0,95,73
USC00410433,"AUSTIN GREAT HILLS, TX US",6/18/16,0,96,74
USC00410433,"AUSTIN GREAT HILLS, TX US",6/19/16,0,95,75
USC00410433,"AUSTIN GREAT HILLS, TX US",6/20/16,0,92,72
USC00410433,"AUSTIN GREAT HILLS, TX US",6/21/16,0,94,72
USC00410433,"AUSTIN GREAT HILLS, TX US",6/22/16,0,95,72
USC00410433,"AUSTIN GREAT HILLS, TX US",6/23/16,0,94,74
USC00410433,"AUSTIN GREAT HILLS, TX US",6/24/16,0,94,73
USC00410433,"AUSTIN GREAT HILLS, TX US",6/25/16,0,92,73
USC00410433,"AUSTIN GREAT HILLS, TX US",6/26/16,0.03,85,74
USC00410433,"AUSTIN GREAT HILLS, TX US",6/27/16,0,93,72
USC00410433,"AUSTIN GREAT HILLS, TX US",6/28/16,0,95,71
USC00410433,"AUSTIN GREAT HILLS, TX US",6/29/16,0.48,97,68
USC00410433,"AUSTIN GREAT HILLS, TX US",6/30/16,0,92,69
USC00410433,"AUSTIN GREAT HILLS, TX US",7/1/16,0,93,70
USC00410433,"AUSTIN GREAT HILLS, TX US",7/2/16,0,94,71
USC00410433,"AUSTIN GREAT HILLS, TX US",7/3/16,0,95,75
USC00410433,"AUSTIN GREAT HILLS, TX US",7/4/16,0,96,76
USC00410433,"AUSTIN GREAT HILLS, TX US",7/5/16,0,96,77
USC00410433,"AUSTIN GREAT HILLS, TX US",7/6/16,0,98,77
USC00410433,"AUSTIN GREAT HILLS, TX US",7/7/16,0,97,76
USC00410433,"AUSTIN GREAT HILLS, TX US",7/8/16,0,96,76
USC00410433,"AUSTIN GREAT HILLS, TX US",7/9/16,0,98,75
USC00410433,"AUSTIN GREAT HILLS, TX US",7/10/16,0,98,74
USC00410433,"AUSTIN GREAT HILLS, TX US",7/11/16,0,95,76
USC00410433,"AUSTIN GREAT HILLS, TX US",7/12/16,0,98,75
USC00410433,"AUSTIN GREAT HILLS, TX US",7/13/16,0,97,75
USC00410433,"AUSTIN GREAT HILLS, TX US",7/14/16,0,98,75
USC00410433,"AUSTIN GREAT HILLS, TX US",7/15/16,0,98,75
USC00410433,"AUSTIN GREAT HILLS, TX US",7/16/16,0,99,74
USC00410433,"AUSTIN GREAT HILLS, TX US",7/17/16,0,97,73
USC00410433,"AUSTIN GREAT HILLS, TX US",7/18/16,0,97,73
USC00410433,"AUSTIN GREAT HILLS, TX US",7/19/16,0,97,74
USC00410433,"AUSTIN GREAT HILLS, TX US",7/20/16,0,96,73
USC00410433,"AUSTIN GREAT HILLS, TX US",7/21/16,0,98,72
USC00410433,"AUSTIN GREAT HILLS, TX US",7/22/16,0,98,72
USC00410433,"AUSTIN GREAT HILLS, TX US",7/23/16,0,100,72
USC00410433,"AUSTIN GREAT HILLS, TX US",7/24/16,0,99,76
USC00410433,"AUSTIN GREAT HILLS, TX US",7/25/16,0,100,76
USC00410433,"AUSTIN GREAT HILLS, TX US",7/26/16,1.64,100,73
USC00410433,"AUSTIN GREAT HILLS, TX US",7/27/16,0.03,91,72
USC00410433,"AUSTIN GREAT HILLS, TX US",7/28/16,0.88,89,72
USC00410433,"AUSTIN GREAT HILLS, TX US",7/29/16,0,95,72
USC00410433,"AUSTIN GREAT HILLS, TX US",7/30/16,0,94,74
USC00410433,"AUSTIN GREAT HILLS, TX US",7/31/16,0,94,74
USC00410433,"AUSTIN GREAT HILLS, TX US",8/1/16,0,94,72
USC00410433,"AUSTIN GREAT HILLS, TX US",8/2/16,0,96,73
USC00410433,"AUSTIN GREAT HILLS, TX US",8/3/16,0,96,73
USC00410433,"AUSTIN GREAT HILLS, TX US",8/4/16,0,97,74
USC00410433,"AUSTIN GREAT HILLS, TX US",8/5/16,0,96,74
USC00410433,"AUSTIN GREAT HILLS, TX US",8/6/16,0,97,74
USC00410433,"AUSTIN GREAT HILLS, TX US",8/7/16,0,97,75
USC00410433,"AUSTIN GREAT HILLS, TX US",8/8/16,0,98,75
USC00410433,"AUSTIN GREAT HILLS, TX US",8/9/16,0,98,76
USC00410433,"AUSTIN GREAT HILLS, TX US",8/10/16,0,99,77
USC00410433,"AUSTIN GREAT HILLS, TX US",8/11/16,0,99,76
USC00410433,"AUSTIN GREAT HILLS, TX US",8/12/16,0,99,76
USC00410433,"AUSTIN GREAT HILLS, TX US",8/13/16,0.34,102,73
USC00410433,"AUSTIN GREAT HILLS, TX US",8/14/16,0.79,94,73
USC00410433,"AUSTIN GREAT HILLS, TX US",8/15/16,2.78,78,69
USC00410433,"AUSTIN GREAT HILLS, TX US",8/16/16,1.73,73,69
USC00410433,"AUSTIN GREAT HILLS, TX US",8/17/16,0.76,78,73
USC00410433,"AUSTIN GREAT HILLS, TX US",8/18/16,0.31,79,72
USC00410433,"AUSTIN GREAT HILLS, TX US",8/19/16,0.05,85,72
USC00410433,"AUSTIN GREAT HILLS, TX US",8/20/16,0.11,91,71
USC00410433,"AUSTIN GREAT HILLS, TX US",8/21/16,1.16,79,70
USC00410433,"AUSTIN GREAT HILLS, TX US",8/22/16,0.01,79,70
USC00410433,"AUSTIN GREAT HILLS, TX US",8/23/16,0.14,88,73
USC00410433,"AUSTIN GREAT HILLS, TX US",8/24/16,0,91,74
USC00410433,"AUSTIN GREAT HILLS, TX US",8/25/16,0,91,73
USC00410433,"AUSTIN GREAT HILLS, TX US",8/26/16,0,91,72
USC00410433,"AUSTIN GREAT HILLS, TX US",8/27/16,0,91,69
USC00410433,"AUSTIN GREAT HILLS, TX US",8/28/16,0,90,69
USC00410433,"AUSTIN GREAT HILLS, TX US",8/29/16,0.07,89,69
USC00410433,"AUSTIN GREAT HILLS, TX US",8/30/16,0.23,88,71
USC00410433,"AUSTIN GREAT HILLS, TX US",8/31/16,0,88,71
USC00410433,"AUSTIN GREAT HILLS, TX US",9/1/16,0,91,71
USC00410433,"AUSTIN GREAT HILLS, TX US",9/2/16,0,92,71
USC00410433,"AUSTIN GREAT HILLS, TX US",9/3/16,0,87,71
USC00410433,"AUSTIN GREAT HILLS, TX US",9/4/16,0,89,71
USC00410433,"AUSTIN GREAT HILLS, TX US",9/5/16,0,92,71
USC00410433,"AUSTIN GREAT HILLS, TX US",9/6/16,0,91,73
USC00410433,"AUSTIN GREAT HILLS, TX US",9/7/16,0.05,91,76
USC00410433,"AUSTIN GREAT HILLS, TX US",9/8/16,0,93,75
USC00410433,"AUSTIN GREAT HILLS, TX US",9/9/16,0,93,74
USC00410433,"AUSTIN GREAT HILLS, TX US",9/10/16,0,92,73
USC00410433,"AUSTIN GREAT HILLS, TX US",9/11/16,0.07,89,67
USC00410433,"AUSTIN GREAT HILLS, TX US",9/12/16,0,89,67
USC00410433,"AUSTIN GREAT HILLS, TX US",9/13/16,0,92,67
USC00410433,"AUSTIN GREAT HILLS, TX US",9/14/16,0,91,71
USC00410433,"AUSTIN GREAT HILLS, TX US",9/15/16,0.02,89,69
USC00410433,"AUSTIN GREAT HILLS, TX US",9/16/16,0,92,70
USC00410433,"AUSTIN GREAT HILLS, TX US",9/17/16,0,94,71
USC00410433,"AUSTIN GREAT HILLS, TX US",9/18/16,0,94,71
USC00410433,"AUSTIN GREAT HILLS, TX US",9/19/16,0,96,72
USC00410433,"AUSTIN GREAT HILLS, TX US",9/20/16,0,97,72
USC00410433,"AUSTIN GREAT HILLS, TX US",9/21/16,0,95,72
USC00410433,"AUSTIN GREAT HILLS, TX US",9/22/16,0,91,67
USC00410433,"AUSTIN GREAT HILLS, TX US",9/23/16,0,93,67
USC00410433,"AUSTIN GREAT HILLS, TX US",9/24/16,0.04,90,74
USC00410433,"AUSTIN GREAT HILLS, TX US",9/25/16,0,92,75
USC00410433,"AUSTIN GREAT HILLS, TX US",9/26/16,0.9,83,69
USC00410433,"AUSTIN GREAT HILLS, TX US",9/27/16,0.05,70,64
USC00410433,"AUSTIN GREAT HILLS, TX US",9/28/16,0,76,60
USC00410433,"AUSTIN GREAT HILLS, TX US",9/29/16,0,86,58
USC00410433,"AUSTIN GREAT HILLS, TX US",9/30/16,0,81,56
USC00410433,"AUSTIN GREAT HILLS, TX US",10/1/16,0,80,55
USC00410433,"AUSTIN GREAT HILLS, TX US",10/2/16,0,76,55
USC00410433,"AUSTIN GREAT HILLS, TX US",10/3/16,0,83,55
USC00410433,"AUSTIN GREAT HILLS, TX US",10/4/16,0,85,59
USC00410433,"AUSTIN GREAT HILLS, TX US",10/5/16,0,89,68
USC00410433,"AUSTIN GREAT HILLS, TX US",10/6/16,0,91,72
USC00410433,"AUSTIN GREAT HILLS, TX US",10/7/16,0,91,72
USC00410433,"AUSTIN GREAT HILLS, TX US",10/8/16,0,84,58
USC00410433,"AUSTIN GREAT HILLS, TX US",10/9/16,0,81,57
USC00410433,"AUSTIN GREAT HILLS, TX US",10/10/16,0,79,48
USC00410433,"AUSTIN GREAT HILLS, TX US",10/11/16,0,82,48
USC00410433,"AUSTIN GREAT HILLS, TX US",10/12/16,0,87,52
USC00410433,"AUSTIN GREAT HILLS, TX US",10/13/16,0,89,59
USC00410433,"AUSTIN GREAT HILLS, TX US",10/14/16,0.05,86,65
USC00410433,"AUSTIN GREAT HILLS, TX US",10/15/16,0,86,65
USC00410433,"AUSTIN GREAT HILLS, TX US",10/16/16,0,88,70
USC00410433,"AUSTIN GREAT HILLS, TX US",10/17/16,0,91,72
USC00410433,"AUSTIN GREAT HILLS, TX US",10/18/16,0,90,72
USC00410433,"AUSTIN GREAT HILLS, TX US",10/19/16,0,89,73
USC00410433,"AUSTIN GREAT HILLS, TX US",10/20/16,0,89,68
USC00410433,"AUSTIN GREAT HILLS, TX US",10/21/16,0,79,53
USC00410433,"AUSTIN GREAT HILLS, TX US",10/22/16,0,73,43
USC00410433,"AUSTIN GREAT HILLS, TX US",10/23/16,0,78,43
USC00410433,"AUSTIN GREAT HILLS, TX US",10/24/16,0,81,52
USC00410433,"AUSTIN GREAT HILLS, TX US",10/25/16,0,83,64
USC00410433,"AUSTIN GREAT HILLS, TX US",10/26/16,0,81,61
USC00410433,"AUSTIN GREAT HILLS, TX US",10/27/16,0,84,61
USC00410433,"AUSTIN GREAT HILLS, TX US",10/28/16,0,84,57
USC00410433,"AUSTIN GREAT HILLS, TX US",10/29/16,0,83,57
USC00410433,"AUSTIN GREAT HILLS, TX US",10/30/16,0,83,62
USC00410433,"AUSTIN GREAT HILLS, TX US",10/31/16,0,86,58
USC00410433,"AUSTIN GREAT HILLS, TX US",11/1/16,0,82,59
USC00410433,"AUSTIN GREAT HILLS, TX US",11/2/16,0.12,87,70
USC00410433,"AUSTIN GREAT HILLS, TX US",11/3/16,0,85,71
USC00410433,"AUSTIN GREAT HILLS, TX US",11/4/16,1.77,75,65
USC00410433,"AUSTIN GREAT HILLS, TX US",11/5/16,0.01,69,65
USC00410433,"AUSTIN GREAT HILLS, TX US",11/6/16,0.15,67,56
USC00410433,"AUSTIN GREAT HILLS, TX US",11/7/16,0.3,69,57
USC00410433,"AUSTIN GREAT HILLS, TX US",11/8/16,0.24,68,60
USC00410433,"AUSTIN GREAT HILLS, TX US",11/9/16,0.44,65,59
USC00410433,"AUSTIN GREAT HILLS, TX US",11/10/16,0.13,61,56
USC00410433,"AUSTIN GREAT HILLS, TX US",11/11/16,0,68,52
USC00410433,"AUSTIN GREAT HILLS, TX US",11/12/16,0,70,53
USC00410433,"AUSTIN GREAT HILLS, TX US",11/13/16,0,73,52
USC00410433,"AUSTIN GREAT HILLS, TX US",11/14/16,0,73,52
USC00410433,"AUSTIN GREAT HILLS, TX US",11/15/16,0,79,53
USC00410433,"AUSTIN GREAT HILLS, TX US",11/16/16,0,81,52
USC00410433,"AUSTIN GREAT HILLS, TX US",11/17/16,0,84,52
USC00410433,"AUSTIN GREAT HILLS, TX US",11/18/16,0,79,61
USC00410433,"AUSTIN GREAT HILLS, TX US",11/19/16,0.04,75,40
USC00410433,"AUSTIN GREAT HILLS, TX US",11/20/16,0,59,31
USC00410433,"AUSTIN GREAT HILLS, TX US",11/21/16,0,64,31
USC00410433,"AUSTIN GREAT HILLS, TX US",11/22/16,0,73,43
USC00410433,"AUSTIN GREAT HILLS, TX US",11/23/16,0.2,73,47
USC00410433,"AUSTIN GREAT HILLS, TX US",11/24/16,0,68,43
USC00410433,"AUSTIN GREAT HILLS, TX US",11/25/16,0,73,44
USC00410433,"AUSTIN GREAT HILLS, TX US",11/26/16,0,63,52
USC00410433,"AUSTIN GREAT HILLS, TX US",11/27/16,0,67,53
USC00410433,"AUSTIN GREAT HILLS, TX US",11/28/16,0,69,56
USC00410433,"AUSTIN GREAT HILLS, TX US",11/29/16,0,76,47
USC00410433,"AUSTIN GREAT HILLS, TX US",11/30/16,0,75,48
USC00410433,"AUSTIN GREAT HILLS, TX US",12/1/16,0,63,35
USC00410433,"AUSTIN GREAT HILLS, TX US",12/2/16,0,66,35
USC00410433,"AUSTIN GREAT HILLS, TX US",12/3/16,0.5,63,47
USC00410433,"AUSTIN GREAT HILLS, TX US",12/4/16,0.88,49,47
USC00410433,"AUSTIN GREAT HILLS, TX US",12/5/16,0.44,49,46
USC00410433,"AUSTIN GREAT HILLS, TX US",12/6/16,0.46,50,46
USC00410433,"AUSTIN GREAT HILLS, TX US",12/7/16,0,54,38
USC00410433,"AUSTIN GREAT HILLS, TX US",12/8/16,0,54,39
USC00410433,"AUSTIN GREAT HILLS, TX US",12/9/16,0,40,30
USC00410433,"AUSTIN GREAT HILLS, TX US",12/10/16,0,44,30
USC00410433,"AUSTIN GREAT HILLS, TX US",12/11/16,0.01,52,38
USC00410433,"AUSTIN GREAT HILLS, TX US",12/12/16,0,66,43
USC00410433,"AUSTIN GREAT HILLS, TX US",12/13/16,0,64,43
USC00410433,"AUSTIN GREAT HILLS, TX US",12/14/16,0,73,40
USC00410433,"AUSTIN GREAT HILLS, TX US",12/15/16,0,54,40
USC00410433,"AUSTIN GREAT HILLS, TX US",12/16/16,0,50,43
USC00410433,"AUSTIN GREAT HILLS, TX US",12/17/16,0,65,49
USC00410433,"AUSTIN GREAT HILLS, TX US",12/18/16,0,74,23
USC00410433,"AUSTIN GREAT HILLS, TX US",12/19/16,0,34,20
USC00410433,"AUSTIN GREAT HILLS, TX US",12/20/16,0,42,20
USC00410433,"AUSTIN GREAT HILLS, TX US",12/21/16,0,57,33
USC00410433,"AUSTIN GREAT HILLS, TX US",12/22/16,0,68,44
USC00410433,"AUSTIN GREAT HILLS, TX US",12/23/16,0.01,64,47
USC00410433,"AUSTIN GREAT HILLS, TX US",12/24/16,0.06,66,50
USC00410433,"AUSTIN GREAT HILLS, TX US",12/25/16,0,75,66
USC00410433,"AUSTIN GREAT HILLS, TX US",12/26/16,0,77,66
USC00410433,"AUSTIN GREAT HILLS, TX US",12/27/16,0,81,62
USC00410433,"AUSTIN GREAT HILLS, TX US",12/28/16,0,72,58
USC00410433,"AUSTIN GREAT HILLS, TX US",12/29/16,0,79,54
USC00410433,"AUSTIN GREAT HILLS, TX US",12/30/16,0,59,45
USC00410433,"AUSTIN GREAT HILLS, TX US",12/31/16,0,54,45
USC00410433,"AUSTIN GREAT HILLS, TX US",1/1/17,0,74,49
USC00410433,"AUSTIN GREAT HILLS, TX US",1/2/17,0.26,72,49
USC00410433,"AUSTIN GREAT HILLS, TX US",1/3/17,0,71,43
USC00410433,"AUSTIN GREAT HILLS, TX US",1/4/17,0,73,35
USC00410433,"AUSTIN GREAT HILLS, TX US",1/5/17,0,46,36
USC00410433,"AUSTIN GREAT HILLS, TX US",1/6/17,0,62,26
USC00410433,"AUSTIN GREAT HILLS, TX US",1/7/17,0,32,16
USC00410433,"AUSTIN GREAT HILLS, TX US",1/8/17,0,41,16
USC00410433,"AUSTIN GREAT HILLS, TX US",1/9/17,0,50,18
USC00410433,"AUSTIN GREAT HILLS, TX US",1/10/17,0,68,42
USC00410433,"AUSTIN GREAT HILLS, TX US",1/11/17,0,76,57
USC00410433,"AUSTIN GREAT HILLS, TX US",1/12/17,0,77,61
USC00410433,"AUSTIN GREAT HILLS, TX US",1/13/17,0.06,77,65
USC00410433,"AUSTIN GREAT HILLS, TX US",1/14/17,0.61,74,46
USC00410433,"AUSTIN GREAT HILLS, TX US",1/15/17,0,52,46
USC00410433,"AUSTIN GREAT HILLS, TX US",1/16/17,0.7,68,51
USC00410433,"AUSTIN GREAT HILLS, TX US",1/17/17,0.01,66,52
USC00410433,"AUSTIN GREAT HILLS, TX US",1/18/17,1.72,57,45
USC00410433,"AUSTIN GREAT HILLS, TX US",1/19/17,1.03,54,46
USC00410433,"AUSTIN GREAT HILLS, TX US",1/20/17,0,68,47
USC00410433,"AUSTIN GREAT HILLS, TX US",1/21/17,0,75,46
USC00410433,"AUSTIN GREAT HILLS, TX US",1/22/17,0.04,78,55
USC00410433,"AUSTIN GREAT HILLS, TX US",1/23/17,0,66,42
USC00410433,"AUSTIN GREAT HILLS, TX US",1/24/17,0,73,42
USC00410433,"AUSTIN GREAT HILLS, TX US",1/25/17,0,80,51
USC00410433,"AUSTIN GREAT HILLS, TX US",1/26/17,0,66,33
USC00410433,"AUSTIN GREAT HILLS, TX US",1/27/17,0,56,37
USC00410433,"AUSTIN GREAT HILLS, TX US",1/28/17,0.01,55,37
USC00410433,"AUSTIN GREAT HILLS, TX US",1/29/17,0,59,37
USC00410433,"AUSTIN GREAT HILLS, TX US",1/30/17,0,67,38
USC00410433,"AUSTIN GREAT HILLS, TX US",1/31/17,0,76,40
USC00410433,"AUSTIN GREAT HILLS, TX US",2/1/17,0,76,40
USC00410433,"AUSTIN GREAT HILLS, TX US",2/2/17,0,79,47
USC00410433,"AUSTIN GREAT HILLS, TX US",2/3/17,0,60,42
USC00410433,"AUSTIN GREAT HILLS, TX US",2/4/17,0,50,43
USC00410433,"AUSTIN GREAT HILLS, TX US",2/5/17,0.01,54,47
USC00410433,"AUSTIN GREAT HILLS, TX US",2/6/17,0,68,54
USC00410433,"AUSTIN GREAT HILLS, TX US",2/7/17,0,76,61
USC00410433,"AUSTIN GREAT HILLS, TX US",2/8/17,0,82,50
USC00410433,"AUSTIN GREAT HILLS, TX US",2/9/17,0,83,40
USC00410433,"AUSTIN GREAT HILLS, TX US",2/10/17,0,66,41
USC00410433,"AUSTIN GREAT HILLS, TX US",2/11/17,0,76,52
USC00410433,"AUSTIN GREAT HILLS, TX US",2/12/17,0,83,65
USC00410433,"AUSTIN GREAT HILLS, TX US",2/13/17,0,75,60
USC00410433,"AUSTIN GREAT HILLS, TX US",2/14/17,0.87,76,47
USC00410433,"AUSTIN GREAT HILLS, TX US",2/15/17,0.02,53,39
USC00410433,"AUSTIN GREAT HILLS, TX US",2/16/17,0,62,34
USC00410433,"AUSTIN GREAT HILLS, TX US",2/17/17,0,68,36
USC00410433,"AUSTIN GREAT HILLS, TX US",2/18/17,0,74,49
USC00410433,"AUSTIN GREAT HILLS, TX US",2/19/17,0,85,59
USC00410433,"AUSTIN GREAT HILLS, TX US",2/20/17,1.38,77,56
USC00410433,"AUSTIN GREAT HILLS, TX US",2/21/17,0.02,69,48
USC00410433,"AUSTIN GREAT HILLS, TX US",2/22/17,0,78,45
USC00410433,"AUSTIN GREAT HILLS, TX US",2/23/17,0,86,46
USC00410433,"AUSTIN GREAT HILLS, TX US",2/24/17,0,88,56
USC00410433,"AUSTIN GREAT HILLS, TX US",2/25/17,0,77,41
USC00410433,"AUSTIN GREAT HILLS, TX US",2/26/17,0,61,39
USC00410433,"AUSTIN GREAT HILLS, TX US",2/27/17,0,69,45
USC00410433,"AUSTIN GREAT HILLS, TX US",2/28/17,0,80,64
USC00410433,"AUSTIN GREAT HILLS, TX US",3/1/17,0,76,62
USC00410433,"AUSTIN GREAT HILLS, TX US",3/2/17,0,71,45
USC00410433,"AUSTIN GREAT HILLS, TX US",3/3/17,0,65,37
USC00410433,"AUSTIN GREAT HILLS, TX US",3/4/17,0,70,37
USC00410433,"AUSTIN GREAT HILLS, TX US",3/5/17,0.95,56,52
USC00410433,"AUSTIN GREAT HILLS, TX US",3/6/17,0.05,72,56
USC00410433,"AUSTIN GREAT HILLS, TX US",3/7/17,0,81,64
USC00410433,"AUSTIN GREAT HILLS, TX US",3/8/17,0,73,57
USC00410433,"AUSTIN GREAT HILLS, TX US",3/9/17,0,75,57
USC00410433,"AUSTIN GREAT HILLS, TX US",3/10/17,0,80,57
USC00410433,"AUSTIN GREAT HILLS, TX US",3/11/17,0,81,58
USC00410433,"AUSTIN GREAT HILLS, TX US",3/12/17,0.59,64,44
USC00410433,"AUSTIN GREAT HILLS, TX US",3/13/17,0.01,60,44
USC00410433,"AUSTIN GREAT HILLS, TX US",3/14/17,0.01,68,37
USC00410433,"AUSTIN GREAT HILLS, TX US",3/15/17,0,71,37
USC00410433,"AUSTIN GREAT HILLS, TX US",3/16/17,0.01,74,48
USC00410433,"AUSTIN GREAT HILLS, TX US",3/17/17,0,78,57
USC00410433,"AUSTIN GREAT HILLS, TX US",3/18/17,0,80,63
USC00410433,"AUSTIN GREAT HILLS, TX US",3/19/17,0,82,63
USC00410433,"AUSTIN GREAT HILLS, TX US",3/20/17,0,83,61
USC00410433,"AUSTIN GREAT HILLS, TX US",3/21/17,0,83,61
USC00410433,"AUSTIN GREAT HILLS, TX US",3/22/17,0,83,61
USC00410433,"AUSTIN GREAT HILLS, TX US",3/23/17,0,81,63
USC00410433,"AUSTIN GREAT HILLS, TX US",3/24/17,0,82,64
USC00410433,"AUSTIN GREAT HILLS, TX US",3/25/17,0.04,81,48
USC00410433,"AUSTIN GREAT HILLS, TX US",3/26/17,0,81,48
USC00410433,"AUSTIN GREAT HILLS, TX US",3/27/17,0.05,84,64
USC00410433,"AUSTIN GREAT HILLS, TX US",3/28/17,0,85,66
USC00410433,"AUSTIN GREAT HILLS, TX US",3/29/17,0.73,84,58
USC00410433,"AUSTIN GREAT HILLS, TX US",3/30/17,0,81,50
USC00410433,"AUSTIN GREAT HILLS, TX US",3/31/17,0,80,50
USC00410433,"AUSTIN GREAT HILLS, TX US",4/1/17,0,84,56
USC00410433,"AUSTIN GREAT HILLS, TX US",4/2/17,0.01,73,63
USC00410433,"AUSTIN GREAT HILLS, TX US",4/3/17,0.52,74,47
USC00410433,"AUSTIN GREAT HILLS, TX US",4/4/17,0,86,47
USC00410433,"AUSTIN GREAT HILLS, TX US",4/5/17,0,87,49
USC00410433,"AUSTIN GREAT HILLS, TX US",4/6/17,0,72,43
USC00410433,"AUSTIN GREAT HILLS, TX US",4/7/17,0,77,43
USC00410433,"AUSTIN GREAT HILLS, TX US",4/8/17,0,78,47
USC00410433,"AUSTIN GREAT HILLS, TX US",4/9/17,0,80,56
USC00410433,"AUSTIN GREAT HILLS, TX US",4/10/17,0,79,64
USC00410433,"AUSTIN GREAT HILLS, TX US",4/11/17,0.18,78,68
USC00410433,"AUSTIN GREAT HILLS, TX US",4/12/17,0.29,70,59
USC00410433,"AUSTIN GREAT HILLS, TX US",4/13/17,0,76,59
USC00410433,"AUSTIN GREAT HILLS, TX US",4/14/17,0,80,64
USC00410433,"AUSTIN GREAT HILLS, TX US",4/15/17,0,81,64
USC00410433,"AUSTIN GREAT HILLS, TX US",4/16/17,0,82,65
USC00410433,"AUSTIN GREAT HILLS, TX US",4/17/17,0,81,67
USC00410433,"AUSTIN GREAT HILLS, TX US",4/18/17,0,79,60
USC00410433,"AUSTIN GREAT HILLS, TX US",4/19/17,0,78,61
USC00410433,"AUSTIN GREAT HILLS, TX US",4/20/17,0,83,66
USC00410433,"AUSTIN GREAT HILLS, TX US",4/21/17,0,84,67
USC00410433,"AUSTIN GREAT HILLS, TX US",4/22/17,0.01,85,60
USC00410433,"AUSTIN GREAT HILLS, TX US",4/23/17,0,61,47
USC00410433,"AUSTIN GREAT HILLS, TX US",4/24/17,0,74,45
USC00410433,"AUSTIN GREAT HILLS, TX US",4/25/17,0,80,45
USC00410433,"AUSTIN GREAT HILLS, TX US",4/26/17,0,87,63
USC00410433,"AUSTIN GREAT HILLS, TX US",4/27/17,0,88,48
USC00410433,"AUSTIN GREAT HILLS, TX US",4/28/17,0,83,49
USC00410433,"AUSTIN GREAT HILLS, TX US",4/29/17,0,92,70
USC00410433,"AUSTIN GREAT HILLS, TX US",4/30/17,0.28,89,48
USC00410433,"AUSTIN GREAT HILLS, TX US",5/1/17,0,75,48
USC00410433,"AUSTIN GREAT HILLS, TX US",5/2/17,0,88,56
USC00410433,"AUSTIN GREAT HILLS, TX US",5/3/17,0,90,63
USC00410433,"AUSTIN GREAT HILLS, TX US",5/4/17,0,91,57
USC00410433,"AUSTIN GREAT HILLS, TX US",5/5/17,0,76,53
USC00410433,"AUSTIN GREAT HILLS, TX US",5/6/17,0,82,51
USC00410433,"AUSTIN GREAT HILLS, TX US",5/7/17,0,88,51
USC00410433,"AUSTIN GREAT HILLS, TX US",5/8/17,0,87,57
USC00410433,"AUSTIN GREAT HILLS, TX US",5/9/17,0,81,63
USC00410433,"AUSTIN GREAT HILLS, TX US",5/10/17,0.13,73,65
USC00410433,"AUSTIN GREAT HILLS, TX US",5/11/17,0,79,68
USC00410433,"AUSTIN GREAT HILLS, TX US",5/12/17,0.62,83,57
USC00410433,"AUSTIN GREAT HILLS, TX US",5/13/17,0,84,58
USC00410433,"AUSTIN GREAT HILLS, TX US",5/14/17,0,87,58
USC00410433,"AUSTIN GREAT HILLS, TX US",5/15/17,0,90,59
USC00410433,"AUSTIN GREAT HILLS, TX US",5/16/17,0,89,66
USC00410433,"AUSTIN GREAT HILLS, TX US",5/17/17,0.01,84,68
USC00410433,"AUSTIN GREAT HILLS, TX US",5/18/17,0.09,88,68
USC00410433,"AUSTIN GREAT HILLS, TX US",5/19/17,0,89,72
USC00410433,"AUSTIN GREAT HILLS, TX US",5/20/17,1.56,90,64
USC00410433,"AUSTIN GREAT HILLS, TX US",5/21/17,0.16,78,64
USC00410433,"AUSTIN GREAT HILLS, TX US",5/22/17,0.27,73,58
USC00410433,"AUSTIN GREAT HILLS, TX US",5/23/17,0.04,71,58
USC00410433,"AUSTIN GREAT HILLS, TX US",5/24/17,0.18,80,52
USC00410433,"AUSTIN GREAT HILLS, TX US",5/25/17,0,85,52
USC00410433,"AUSTIN GREAT HILLS, TX US",5/26/17,0,90,63
USC00410433,"AUSTIN GREAT HILLS, TX US",5/27/17,0,88,74
USC00410433,"AUSTIN GREAT HILLS, TX US",5/28/17,0,93,72
USC00410433,"AUSTIN GREAT HILLS, TX US",5/29/17,0.38,89,65
USC00410433,"AUSTIN GREAT HILLS, TX US",5/30/17,0,84,65
USC00410433,"AUSTIN GREAT HILLS, TX US",5/31/17,0,84,65
USC00410433,"AUSTIN GREAT HILLS, TX US",6/1/17,0.02,83,63
USC00410433,"AUSTIN GREAT HILLS, TX US",6/2/17,0,86,64
USC00410433,"AUSTIN GREAT HILLS, TX US",6/3/17,0,90,71
USC00410433,"AUSTIN GREAT HILLS, TX US",6/4/17,0.13,87,65
USC00410433,"AUSTIN GREAT HILLS, TX US",6/5/17,0.03,87,65
USC00410433,"AUSTIN GREAT HILLS, TX US",6/6/17,1.32,88,65
USC00410433,"AUSTIN GREAT HILLS, TX US",6/7/17,0,88,66
USC00410433,"AUSTIN GREAT HILLS, TX US",6/8/17,0,92,66
USC00410433,"AUSTIN GREAT HILLS, TX US",6/9/17,0,90,68
USC00410433,"AUSTIN GREAT HILLS, TX US",6/10/17,0,87,67
USC00410433,"AUSTIN GREAT HILLS, TX US",6/11/17,0,89,68
USC00410433,"AUSTIN GREAT HILLS, TX US",6/12/17,0,91,71
USC00410433,"AUSTIN GREAT HILLS, TX US",6/13/17,0,93,73
USC00410433,"AUSTIN GREAT HILLS, TX US",6/14/17,0,94,75
USC00410433,"AUSTIN GREAT HILLS, TX US",6/15/17,0,93,74
USC00410433,"AUSTIN GREAT HILLS, TX US",6/16/17,0,96,74
USC00410433,"AUSTIN GREAT HILLS, TX US",6/17/17,0,96,74
USC00410433,"AUSTIN GREAT HILLS, TX US",6/18/17,0,96,74
USC00410433,"AUSTIN GREAT HILLS, TX US",6/19/17,0,97,73
USC00410433,"AUSTIN GREAT HILLS, TX US",6/20/17,0.01,88,72
USC00410433,"AUSTIN GREAT HILLS, TX US",6/21/17,0,94,70
USC00410433,"AUSTIN GREAT HILLS, TX US",6/22/17,0,94,70
USC00410433,"AUSTIN GREAT HILLS, TX US",6/23/17,0,98,73
USC00410433,"AUSTIN GREAT HILLS, TX US",6/24/17,0,102,75
USC00410433,"AUSTIN GREAT HILLS, TX US",6/25/17,0.08,81,69
USC00410433,"AUSTIN GREAT HILLS, TX US",6/26/17,0.13,86,70
USC00410433,"AUSTIN GREAT HILLS, TX US",6/27/17,1.06,89,70
USC00410433,"AUSTIN GREAT HILLS, TX US",6/28/17,0,89,68
USC00410433,"AUSTIN GREAT HILLS, TX US",6/29/17,0,89,71
USC00410433,"AUSTIN GREAT HILLS, TX US",6/30/17,0,95,74
USC00410433,"AUSTIN GREAT HILLS, TX US",7/1/17,0,95,77
USC00410433,"AUSTIN GREAT HILLS, TX US",7/2/17,0,94,75
USC00410433,"AUSTIN GREAT HILLS, TX US",7/3/17,0,97,74
USC00410433,"AUSTIN GREAT HILLS, TX US",7/4/17,0,97,74
USC00410433,"AUSTIN GREAT HILLS, TX US",7/5/17,0,98,76
USC00410433,"AUSTIN GREAT HILLS, TX US",7/6/17,0,98,74
USC00410433,"AUSTIN GREAT HILLS, TX US",7/7/17,0,97,72
USC00410433,"AUSTIN GREAT HILLS, TX US",7/8/17,0,99,71
USC00410433,"AUSTIN GREAT HILLS, TX US",7/9/17,0,98,71
USC00410433,"AUSTIN GREAT HILLS, TX US",7/10/17,0,99,73
USC00410433,"AUSTIN GREAT HILLS, TX US",7/11/17,0,98,74
USC00410433,"AUSTIN GREAT HILLS, TX US",7/12/17,0,99,74
USC00410433,"AUSTIN GREAT HILLS, TX US",7/13/17,0,98,74
USC00410433,"AUSTIN GREAT HILLS, TX US",7/14/17,0,99,73
USC00410433,"AUSTIN GREAT HILLS, TX US",7/15/17,0,98,72
USC00410433,"AUSTIN GREAT HILLS, TX US",7/16/17,1.48,99,69
USC00410433,"AUSTIN GREAT HILLS, TX US",7/17/17,0,94,69
USC00410433,"AUSTIN GREAT HILLS, TX US",7/18/17,0,95,73
USC00410433,"AUSTIN GREAT HILLS, TX US",7/19/17,0,96,73
USC00410433,"AUSTIN GREAT HILLS, TX US",7/20/17,0,97,74
USC00410433,"AUSTIN GREAT HILLS, TX US",7/21/17,0,99,74
USC00410433,"AUSTIN GREAT HILLS, TX US",7/22/17,0,100,75
USC00410433,"AUSTIN GREAT HILLS, TX US",7/23/17,0,99,75
USC00410433,"AUSTIN GREAT HILLS, TX US",7/24/17,0,100,73
USC00410433,"AUSTIN GREAT HILLS, TX US",7/25/17,0.07,98,72
USC00410433,"AUSTIN GREAT HILLS, TX US",7/26/17,0,97,75
USC00410433,"AUSTIN GREAT HILLS, TX US",7/27/17,0,99,72
USC00410433,"AUSTIN GREAT HILLS, TX US",7/28/17,0,100,72
USC00410433,"AUSTIN GREAT HILLS, TX US",7/29/17,0,102,73
USC00410433,"AUSTIN GREAT HILLS, TX US",7/30/17,0,104,73
USC00410433,"AUSTIN GREAT HILLS, TX US",7/31/17,0,101,73
USC00410433,"AUSTIN GREAT HILLS, TX US",8/1/17,0,96,70
USC00410433,"AUSTIN GREAT HILLS, TX US",8/2/17,0,98,70
USC00410433,"AUSTIN GREAT HILLS, TX US",8/3/17,0.21,82,72
USC00410433,"AUSTIN GREAT HILLS, TX US",8/4/17,0,90,71
USC00410433,"AUSTIN GREAT HILLS, TX US",8/5/17,0,96,71
USC00410433,"AUSTIN GREAT HILLS, TX US",8/6/17,0,97,74
USC00410433,"AUSTIN GREAT HILLS, TX US",8/7/17,1.44,98,68
USC00410433,"AUSTIN GREAT HILLS, TX US",8/8/17,0.73,80,69
USC00410433,"AUSTIN GREAT HILLS, TX US",8/9/17,0,87,71
USC00410433,"AUSTIN GREAT HILLS, TX US",8/10/17,0,91,71
USC00410433,"AUSTIN GREAT HILLS, TX US",8/11/17,0,96,71
USC00410433,"AUSTIN GREAT HILLS, TX US",8/12/17,0,96,72
USC00410433,"AUSTIN GREAT HILLS, TX US",8/13/17,0,97,75
USC00410433,"AUSTIN GREAT HILLS, TX US",8/14/17,0,97,75
USC00410433,"AUSTIN GREAT HILLS, TX US",8/15/17,0,96,74
USC00410433,"AUSTIN GREAT HILLS, TX US",8/16/17,0,97,74
USC00410433,"AUSTIN GREAT HILLS, TX US",8/17/17,0,97,77
USC00410433,"AUSTIN GREAT HILLS, TX US",8/18/17,0,98,74
USC00410433,"AUSTIN GREAT HILLS, TX US",8/19/17,0,98,74
USC00410433,"AUSTIN GREAT HILLS, TX US",8/20/17,0,99,73
USC00410433,"AUSTIN GREAT HILLS, TX US",8/21/17,0,97,74
USC00410433,"AUSTIN GREAT HILLS, TX US",8/22/17,0,96,73
USC00410433,"AUSTIN GREAT HILLS, TX US",8/23/17,0,98,72
USC00410433,"AUSTIN GREAT HILLS, TX US",8/24/17,0.02,97,72
USC00410433,"AUSTIN GREAT HILLS, TX US",8/25/17,0.04,92,73
USC00410433,"AUSTIN GREAT HILLS, TX US",8/26/17,1.52,86,70
USC00410433,"AUSTIN GREAT HILLS, TX US",8/27/17,3.29,75,70
USC00410433,"AUSTIN GREAT HILLS, TX US",8/28/17,1.31,72,66
USC00410433,"AUSTIN GREAT HILLS, TX US",8/29/17,0.03,81,67
USC00410433,"AUSTIN GREAT HILLS, TX US",8/30/17,0,85,67
USC00410433,"AUSTIN GREAT HILLS, TX US",8/31/17,0,89,65
USC00410433,"AUSTIN GREAT HILLS, TX US",9/1/17,0,90,65
USC00410433,"AUSTIN GREAT HILLS, TX US",9/2/17,0,90,65
USC00410433,"AUSTIN GREAT HILLS, TX US",9/3/17,0,92,65
USC00410433,"AUSTIN GREAT HILLS, TX US",9/4/17,0,89,66
USC00410433,"AUSTIN GREAT HILLS, TX US",9/5/17,0,90,67
USC00410433,"AUSTIN GREAT HILLS, TX US",9/6/17,0,93,68
USC00410433,"AUSTIN GREAT HILLS, TX US",9/7/17,0,83,56
USC00410433,"AUSTIN GREAT HILLS, TX US",9/8/17,0,83,55
USC00410433,"AUSTIN GREAT HILLS, TX US",9/9/17,0,83,55
USC00410433,"AUSTIN GREAT HILLS, TX US",9/10/17,0,84,59
USC00410433,"AUSTIN GREAT HILLS, TX US",9/11/17,0,83,60
USC00410433,"AUSTIN GREAT HILLS, TX US",9/12/17,0,83,58
USC00410433,"AUSTIN GREAT HILLS, TX US",9/13/17,0,90,59
USC00410433,"AUSTIN GREAT HILLS, TX US",9/14/17,0,90,60
USC00410433,"AUSTIN GREAT HILLS, TX US",9/15/17,0,93,71
USC00410433,"AUSTIN GREAT HILLS, TX US",9/16/17,0,91,71
USC00410433,"AUSTIN GREAT HILLS, TX US",9/17/17,0,91,72
USC00410433,"AUSTIN GREAT HILLS, TX US",9/18/17,0,91,72
USC00410433,"AUSTIN GREAT HILLS, TX US",9/19/17,0,94,73
USC00410433,"AUSTIN GREAT HILLS, TX US",9/20/17,0,92,75
USC00410433,"AUSTIN GREAT HILLS, TX US",9/21/17,0,93,75
USC00410433,"AUSTIN GREAT HILLS, TX US",9/22/17,0,93,73
USC00410433,"AUSTIN GREAT HILLS, TX US",9/23/17,0,89,70
USC00410433,"AUSTIN GREAT HILLS, TX US",9/24/17,0,89,72
USC00410433,"AUSTIN GREAT HILLS, TX US",9/25/17,0.03,89,72
USC00410433,"AUSTIN GREAT HILLS, TX US",9/26/17,0,88,73
USC00410433,"AUSTIN GREAT HILLS, TX US",9/27/17,1.7,80,70
USC00410433,"AUSTIN GREAT HILLS, TX US",9/28/17,0.42,81,69
USC00410433,"AUSTIN GREAT HILLS, TX US",9/29/17,0.56,80,68
USC00410433,"AUSTIN GREAT HILLS, TX US",9/30/17,0.01,72,63
USC00410433,"AUSTIN GREAT HILLS, TX US",10/1/17,0,83,58
USC00410433,"AUSTIN GREAT HILLS, TX US",10/2/17,0,86,58
USC00410433,"AUSTIN GREAT HILLS, TX US",10/3/17,0,87,66
USC00410433,"AUSTIN GREAT HILLS, TX US",10/4/17,0.8,82,72
USC00410433,"AUSTIN GREAT HILLS, TX US",10/5/17,0.06,85,66
USC00410433,"AUSTIN GREAT HILLS, TX US",10/6/17,0,86,64
USC00410433,"AUSTIN GREAT HILLS, TX US",10/7/17,0,85,63
USC00410433,"AUSTIN GREAT HILLS, TX US",10/8/17,0,86,62
USC00410433,"AUSTIN GREAT HILLS, TX US",10/9/17,0,88,62
USC00410433,"AUSTIN GREAT HILLS, TX US",10/10/17,0,90,57
USC00410433,"AUSTIN GREAT HILLS, TX US",10/11/17,0,72,54
USC00410433,"AUSTIN GREAT HILLS, TX US",10/12/17,0,76,54
USC00410433,"AUSTIN GREAT HILLS, TX US",10/13/17,0,86,56
USC00410433,"AUSTIN GREAT HILLS, TX US",10/14/17,0,88,67
USC00410433,"AUSTIN GREAT HILLS, TX US",10/15/17,0,88,71
USC00410433,"AUSTIN GREAT HILLS, TX US",10/16/17,0,75,52
USC00410433,"AUSTIN GREAT HILLS, TX US",10/17/17,0,73,45
USC00410433,"AUSTIN GREAT HILLS, TX US",10/18/17,0,76,45
USC00410433,"AUSTIN GREAT HILLS, TX US",10/19/17,0,81,46
USC00410433,"AUSTIN GREAT HILLS, TX US",10/20/17,0,81,54
USC00410433,"AUSTIN GREAT HILLS, TX US",10/21/17,0.03,80,63
USC00410433,"AUSTIN GREAT HILLS, TX US",10/22/17,0.18,86,65
USC00410433,"AUSTIN GREAT HILLS, TX US",10/23/17,0.37,75,46
USC00410433,"AUSTIN GREAT HILLS, TX US",10/24/17,0,80,46
USC00410433,"AUSTIN GREAT HILLS, TX US",10/25/17,0,74,47
USC00410433,"AUSTIN GREAT HILLS, TX US",10/26/17,0,78,47
USC00410433,"AUSTIN GREAT HILLS, TX US",10/27/17,0,81,47
USC00410433,"AUSTIN GREAT HILLS, TX US",10/28/17,0,60,37
USC00410433,"AUSTIN GREAT HILLS, TX US",10/29/17,0,60,34
USC00410433,"AUSTIN GREAT HILLS, TX US",10/30/17,0,74,34
USC00410433,"AUSTIN GREAT HILLS, TX US",10/31/17,0,78,44
USC00410433,"AUSTIN GREAT HILLS, TX US",11/1/17,0.72,56,50
USC00410433,"AUSTIN GREAT HILLS, TX US",11/2/17,0,76,52
USC00410433,"AUSTIN GREAT HILLS, TX US",11/3/17,0,82,69
USC00410433,"AUSTIN GREAT HILLS, TX US",11/4/17,0.01,85,71
USC00410433,"AUSTIN GREAT HILLS, TX US",11/5/17,0,81,69
USC00410433,"AUSTIN GREAT HILLS, TX US",11/6/17,0,83,69
USC00410433,"AUSTIN GREAT HILLS, TX US",11/7/17,0,84,69
USC00410433,"AUSTIN GREAT HILLS, TX US",11/8/17,0,74,49
USC00410433,"AUSTIN GREAT HILLS, TX US",11/9/17,0.12,50,43
USC00410433,"AUSTIN GREAT HILLS, TX US",11/10/17,0,53,45
USC00410433,"AUSTIN GREAT HILLS, TX US",11/11/17,0,62,50
USC00410433,"AUSTIN GREAT HILLS, TX US",11/12/17,0,72,57
USC00410433,"AUSTIN GREAT HILLS, TX US",11/13/17,0,74,60
USC00410433,"AUSTIN GREAT HILLS, TX US",11/14/17,0,74,60
USC00410433,"AUSTIN GREAT HILLS, TX US",11/15/17,0,76,60
USC00410433,"AUSTIN GREAT HILLS, TX US",11/16/17,0,71,61
USC00410433,"AUSTIN GREAT HILLS, TX US",11/17/17,0,80,62
USC00410433,"AUSTIN GREAT HILLS, TX US",11/18/17,0,82,67
USC00410433,"AUSTIN GREAT HILLS, TX US",11/19/17,0,80,42
USC00410433,"AUSTIN GREAT HILLS, TX US",11/20/17,0,61,37
USC00410433,"AUSTIN GREAT HILLS, TX US",11/21/17,0,66,37
USC00410433,"AUSTIN GREAT HILLS, TX US",11/22/17,0,72,46
USC00410433,"AUSTIN GREAT HILLS, TX US",11/23/17,0,62,34
USC00410433,"AUSTIN GREAT HILLS, TX US",11/24/17,0,68,34
USC00410433,"AUSTIN GREAT HILLS, TX US",11/25/17,0,74,41
USC00410433,"AUSTIN GREAT HILLS, TX US",11/26/17,0,76,47
USC00410433,"AUSTIN GREAT HILLS, TX US",11/27/17,0,74,50
USC00410433,"AUSTIN GREAT HILLS, TX US",11/28/17,0,73,50
USC00410433,"AUSTIN GREAT HILLS, TX US",11/29/17,0,76,52
USC00410433,"AUSTIN GREAT HILLS, TX US",11/30/17,0,70,42
USC00410433,"AUSTIN GREAT HILLS, TX US",12/1/17,0,72,43
USC00410433,"AUSTIN GREAT HILLS, TX US",12/2/17,0,74,49
USC00410433,"AUSTIN GREAT HILLS, TX US",12/3/17,0,76,49
USC00410433,"AUSTIN GREAT HILLS, TX US",12/4/17,0.02,72,62
USC00410433,"AUSTIN GREAT HILLS, TX US",12/5/17,0.13,81,50
USC00410433,"AUSTIN GREAT HILLS, TX US",12/6/17,0.74,69,38
USC00410433,"AUSTIN GREAT HILLS, TX US",12/7/17,0.7,40,37
USC00410433,"AUSTIN GREAT HILLS, TX US",12/8/17,0.05,43,27
USC00410433,"AUSTIN GREAT HILLS, TX US",12/9/17,0,48,27
USC00410433,"AUSTIN GREAT HILLS, TX US",12/10/17,0,63,32
USC00410433,"AUSTIN GREAT HILLS, TX US",12/11/17,0,66,36
USC00410433,"AUSTIN GREAT HILLS, TX US",12/12/17,0,71,43
USC00410433,"AUSTIN GREAT HILLS, TX US",12/13/17,0,61,35
USC00410433,"AUSTIN GREAT HILLS, TX US",12/14/17,0,60,35
USC00410433,"AUSTIN GREAT HILLS, TX US",12/15/17,0,61,43
USC00410433,"AUSTIN GREAT HILLS, TX US",12/16/17,0,57,37
USC00410433,"AUSTIN GREAT HILLS, TX US",12/17/17,1.61,50,42
USC00410433,"AUSTIN GREAT HILLS, TX US",12/18/17,0.01,57,44
USC00410433,"AUSTIN GREAT HILLS, TX US",12/19/17,0.7,61,49
USC00410433,"AUSTIN GREAT HILLS, TX US",12/20/17,0.57,66,48
USC00410433,"AUSTIN GREAT HILLS, TX US",12/21/17,0,70,44
USC00410433,"AUSTIN GREAT HILLS, TX US",12/22/17,0.07,76,44
USC00410433,"AUSTIN GREAT HILLS, TX US",12/23/17,0.15,68,36
USC00410433,"AUSTIN GREAT HILLS, TX US",12/24/17,0,54,36
USC00410433,"AUSTIN GREAT HILLS, TX US",12/25/17,0,59,31
USC00410433,"AUSTIN GREAT HILLS, TX US",12/26/17,0.01,51,31
USC00410433,"AUSTIN GREAT HILLS, TX US",12/27/17,0.01,45,36
USC00410433,"AUSTIN GREAT HILLS, TX US",12/28/17,0,38,35
USC00410433,"AUSTIN GREAT HILLS, TX US",12/29/17,0,47,36
USC00410433,"AUSTIN GREAT HILLS, TX US",12/30/17,0,49,38
USC00410433,"AUSTIN GREAT HILLS, TX US",12/31/17,0,63,38
USC00410433,"AUSTIN GREAT HILLS, TX US",1/1/18,0.01,38,22
USC00410433,"AUSTIN GREAT HILLS, TX US",1/2/18,0,30,23
USC00410433,"AUSTIN GREAT HILLS, TX US",1/3/18,0,30,18
USC00410433,"AUSTIN GREAT HILLS, TX US",1/4/18,0,54,19
USC00410433,"AUSTIN GREAT HILLS, TX US",1/5/18,0,54,25
USC00410433,"AUSTIN GREAT HILLS, TX US",1/6/18,0,60,37
USC00410433,"AUSTIN GREAT HILLS, TX US",1/7/18,0,63,43
USC00410433,"AUSTIN GREAT HILLS, TX US",1/8/18,0,66,45
USC00410433,"AUSTIN GREAT HILLS, TX US",1/9/18,0,65,35
USC00410433,"AUSTIN GREAT HILLS, TX US",1/10/18,0,68,35
USC00410433,"AUSTIN GREAT HILLS, TX US",1/11/18,0.01,66,46
USC00410433,"AUSTIN GREAT HILLS, TX US",1/12/18,0,69,31
USC00410433,"AUSTIN GREAT HILLS, TX US",1/13/18,0,54,28
USC00410433,"AUSTIN GREAT HILLS, TX US",1/14/18,0,51,27
USC00410433,"AUSTIN GREAT HILLS, TX US",1/15/18,0,58,31
USC00410433,"AUSTIN GREAT HILLS, TX US",1/16/18,0.21,66,23
USC00410433,"AUSTIN GREAT HILLS, TX US",1/17/18,0,25,14
USC00410433,"AUSTIN GREAT HILLS, TX US",1/18/18,0,37,14
USC00410433,"AUSTIN GREAT HILLS, TX US",1/19/18,0,42,27
USC00410433,"AUSTIN GREAT HILLS, TX US",1/20/18,0,52,38
USC00410433,"AUSTIN GREAT HILLS, TX US",1/21/18,0,67,52
USC00410433,"AUSTIN GREAT HILLS, TX US",1/22/18,0.04,68,42
USC00410433,"AUSTIN GREAT HILLS, TX US",1/23/18,0,63,34
USC00410433,"AUSTIN GREAT HILLS, TX US",1/24/18,0,63,30
USC00410433,"AUSTIN GREAT HILLS, TX US",1/25/18,0,63,29
USC00410433,"AUSTIN GREAT HILLS, TX US",1/26/18,0,64,29
USC00410433,"AUSTIN GREAT HILLS, TX US",1/27/18,0.01,63,47
USC00410433,"AUSTIN GREAT HILLS, TX US",1/28/18,0.07,66,47
USC00410433,"AUSTIN GREAT HILLS, TX US",1/29/18,0,68,41
USC00410433,"AUSTIN GREAT HILLS, TX US",1/30/18,0,65,31
USC00410433,"AUSTIN GREAT HILLS, TX US",1/31/18,0,65,31
USC00410433,"AUSTIN GREAT HILLS, TX US",2/1/18,0,70,48
USC00410433,"AUSTIN GREAT HILLS, TX US",2/2/18,0,70,41
USC00410433,"AUSTIN GREAT HILLS, TX US",2/3/18,0,57,41
USC00410433,"AUSTIN GREAT HILLS, TX US",2/4/18,0.02,54,41
USC00410433,"AUSTIN GREAT HILLS, TX US",2/5/18,0,73,37
USC00410433,"AUSTIN GREAT HILLS, TX US",2/6/18,0,54,37
USC00410433,"AUSTIN GREAT HILLS, TX US",2/7/18,0.1,47,34
USC00410433,"AUSTIN GREAT HILLS, TX US",2/8/18,0,46,31
USC00410433,"AUSTIN GREAT HILLS, TX US",2/9/18,0,59,31
USC00410433,"AUSTIN GREAT HILLS, TX US",2/10/18,0.08,62,49
USC00410433,"AUSTIN GREAT HILLS, TX US",2/11/18,0.01,59,30
USC00410433,"AUSTIN GREAT HILLS, TX US",2/12/18,0.04,41,28
USC00410433,"AUSTIN GREAT HILLS, TX US",2/13/18,0.09,43,28
USC00410433,"AUSTIN GREAT HILLS, TX US",2/14/18,0.03,47,38
USC00410433,"AUSTIN GREAT HILLS, TX US",2/15/18,0,70,47
USC00410433,"AUSTIN GREAT HILLS, TX US",2/16/18,0,73,61
USC00410433,"AUSTIN GREAT HILLS, TX US",2/17/18,0,69,51
USC00410433,"AUSTIN GREAT HILLS, TX US",2/18/18,0.01,60,49
USC00410433,"AUSTIN GREAT HILLS, TX US",2/19/18,0,71,50
USC00410433,"AUSTIN GREAT HILLS, TX US",2/20/18,0,77,67
USC00410433,"AUSTIN GREAT HILLS, TX US",2/21/18,0.38,69,39
USC00410433,"AUSTIN GREAT HILLS, TX US",2/22/18,0.35,40,34
USC00410433,"AUSTIN GREAT HILLS, TX US",2/23/18,0.78,43,34
USC00410433,"AUSTIN GREAT HILLS, TX US",2/24/18,0.02,66,43
USC00410433,"AUSTIN GREAT HILLS, TX US",2/25/18,0.05,72,52
USC00410433,"AUSTIN GREAT HILLS, TX US",2/26/18,0.07,64,42
USC00410433,"AUSTIN GREAT HILLS, TX US",2/27/18,0.01,68,42
USC00410433,"AUSTIN GREAT HILLS, TX US",2/28/18,0.06,75,58
USC00410433,"AUSTIN GREAT HILLS, TX US",3/1/18,0,79,57
USC00410433,"AUSTIN GREAT HILLS, TX US",3/2/18,0,68,47
USC00410433,"AUSTIN GREAT HILLS, TX US",3/3/18,0,74,48
USC00410433,"AUSTIN GREAT HILLS, TX US",3/4/18,0.08,70,53
USC00410433,"AUSTIN GREAT HILLS, TX US",3/5/18,0.06,76,63
USC00410433,"AUSTIN GREAT HILLS, TX US",3/6/18,0,83,47
USC00410433,"AUSTIN GREAT HILLS, TX US",3/7/18,0,72,42
USC00410433,"AUSTIN GREAT HILLS, TX US",3/8/18,0,67,42
USC00410433,"AUSTIN GREAT HILLS, TX US",3/9/18,0,69,45
USC00410433,"AUSTIN GREAT HILLS, TX US",3/10/18,0,71,53
USC00410433,"AUSTIN GREAT HILLS, TX US",3/11/18,0,89,63
USC00410433,"AUSTIN GREAT HILLS, TX US",3/12/18,0,66,42
USC00410433,"AUSTIN GREAT HILLS, TX US",3/13/18,0,65,39
USC00410433,"AUSTIN GREAT HILLS, TX US",3/14/18,0,70,39
USC00410433,"AUSTIN GREAT HILLS, TX US",3/15/18,0,72,41
USC00410433,"AUSTIN GREAT HILLS, TX US",3/16/18,0,73,48
USC00410433,"AUSTIN GREAT HILLS, TX US",3/17/18,0,87,63
USC00410433,"AUSTIN GREAT HILLS, TX US",3/18/18,0.15,82,66
USC00410433,"AUSTIN GREAT HILLS, TX US",3/19/18,0.33,83,50
USC00410433,"AUSTIN GREAT HILLS, TX US",3/20/18,0,79,46
USC00410433,"AUSTIN GREAT HILLS, TX US",3/21/18,0,72,40
USC00410433,"AUSTIN GREAT HILLS, TX US",3/22/18,0,77,40
USC00410433,"AUSTIN GREAT HILLS, TX US",3/23/18,0,78,51
USC00410433,"AUSTIN GREAT HILLS, TX US",3/24/18,0,78,60
USC00410433,"AUSTIN GREAT HILLS, TX US",3/25/18,0,83,65
USC00410433,"AUSTIN GREAT HILLS, TX US",3/26/18,0,74,67
USC00410433,"AUSTIN GREAT HILLS, TX US",3/27/18,0,85,67
USC00410433,"AUSTIN GREAT HILLS, TX US",3/28/18,2.36,78,57
USC00410433,"AUSTIN GREAT HILLS, TX US",3/29/18,0.32,66,51
USC00410433,"AUSTIN GREAT HILLS, TX US",3/30/18,0,83,52
USC00410433,"AUSTIN GREAT HILLS, TX US",3/31/18,0,72,52
USC00410433,"AUSTIN GREAT HILLS, TX US",4/1/18,0,80,59
USC00410433,"AUSTIN GREAT HILLS, TX US",4/2/18,0,79,54
USC00410433,"AUSTIN GREAT HILLS, TX US",4/3/18,0,82,54
USC00410433,"AUSTIN GREAT HILLS, TX US",4/4/18,0,80,47
USC00410433,"AUSTIN GREAT HILLS, TX US",4/5/18,0,69,47
USC00410433,"AUSTIN GREAT HILLS, TX US",4/6/18,0,76,55
USC00410433,"AUSTIN GREAT HILLS, TX US",4/7/18,0.27,83,47
USC00410433,"AUSTIN GREAT HILLS, TX US",4/8/18,0,47,38
USC00410433,"AUSTIN GREAT HILLS, TX US",4/9/18,0,65,40
USC00410433,"AUSTIN GREAT HILLS, TX US",4/10/18,0,62,48
USC00410433,"AUSTIN GREAT HILLS, TX US",4/11/18,0,74,44
USC00410433,"AUSTIN GREAT HILLS, TX US",4/12/18,0,81,45
USC00410433,"AUSTIN GREAT HILLS, TX US",4/13/18,0,84,63
USC00410433,"AUSTIN GREAT HILLS, TX US",4/14/18,0.22,86,53
USC00410433,"AUSTIN GREAT HILLS, TX US",4/15/18,0,70,40
USC00410433,"AUSTIN GREAT HILLS, TX US",4/16/18,0,76,41
USC00410433,"AUSTIN GREAT HILLS, TX US",4/17/18,0,82,48
USC00410433,"AUSTIN GREAT HILLS, TX US",4/18/18,0,85,58
USC00410433,"AUSTIN GREAT HILLS, TX US",4/19/18,0,81,56
USC00410433,"AUSTIN GREAT HILLS, TX US",4/20/18,0,76,55
USC00410433,"AUSTIN GREAT HILLS, TX US",4/21/18,0.03,71,56
USC00410433,"AUSTIN GREAT HILLS, TX US",4/22/18,0,73,51
USC00410433,"AUSTIN GREAT HILLS, TX US",4/23/18,0,76,49
USC00410433,"AUSTIN GREAT HILLS, TX US",4/24/18,0,84,52
USC00410433,"AUSTIN GREAT HILLS, TX US",4/25/18,0,86,55
USC00410433,"AUSTIN GREAT HILLS, TX US",4/26/18,0.14,87,46
USC00410433,"AUSTIN GREAT HILLS, TX US",4/27/18,0,79,47
USC00410433,"AUSTIN GREAT HILLS, TX US",4/28/18,0,79,54
USC00410433,"AUSTIN GREAT HILLS, TX US",4/29/18,0,85,55
USC00410433,"AUSTIN GREAT HILLS, TX US",4/30/18,0,82,55
USC00410433,"AUSTIN GREAT HILLS, TX US",5/1/18,0,79,64
USC00410433,"AUSTIN GREAT HILLS, TX US",5/2/18,0,77,68
USC00410433,"AUSTIN GREAT HILLS, TX US",5/3/18,0.03,85,72
USC00410433,"AUSTIN GREAT HILLS, TX US",5/4/18,0.12,85,70
USC00410433,"AUSTIN GREAT HILLS, TX US",5/5/18,1.94,73,60
USC00410433,"AUSTIN GREAT HILLS, TX US",5/6/18,0,83,56
USC00410433,"AUSTIN GREAT HILLS, TX US",5/7/18,0,87,57
USC00410433,"AUSTIN GREAT HILLS, TX US",5/8/18,0,91,57
USC00410433,"AUSTIN GREAT HILLS, TX US",5/9/18,0,87,64
USC00410433,"AUSTIN GREAT HILLS, TX US",5/10/18,0,87,65
USC00410433,"AUSTIN GREAT HILLS, TX US",5/11/18,0,88,65
USC00410433,"AUSTIN GREAT HILLS, TX US",5/12/18,0,89,68
USC00410433,"AUSTIN GREAT HILLS, TX US",5/13/18,0,91,71
USC00410433,"AUSTIN GREAT HILLS, TX US",5/14/18,0,89,72
USC00410433,"AUSTIN GREAT HILLS, TX US",5/15/18,0,90,70
USC00410433,"AUSTIN GREAT HILLS, TX US",5/16/18,0.04,90,63
USC00410433,"AUSTIN GREAT HILLS, TX US",5/17/18,0,96,63
USC00410433,"AUSTIN GREAT HILLS, TX US",5/18/18,0,96,67
USC00410433,"AUSTIN GREAT HILLS, TX US",5/19/18,0,93,70
USC00410433,"AUSTIN GREAT HILLS, TX US",5/20/18,0,90,72
USC00410433,"AUSTIN GREAT HILLS, TX US",5/21/18,0.61,78,66
USC00410433,"AUSTIN GREAT HILLS, TX US",5/22/18,0,85,67
USC00410433,"AUSTIN GREAT HILLS, TX US",5/23/18,0,88,70
USC00410433,"AUSTIN GREAT HILLS, TX US",5/24/18,0,89,69
USC00410433,"AUSTIN GREAT HILLS, TX US",5/25/18,0,92,72
USC00410433,"AUSTIN GREAT HILLS, TX US",5/26/18,0,94,73
USC00410433,"AUSTIN GREAT HILLS, TX US",5/27/18,0,97,71
USC00410433,"AUSTIN GREAT HILLS, TX US",5/28/18,0,97,70
USC00410433,"AUSTIN GREAT HILLS, TX US",5/29/18,0,95,70
USC00410433,"AUSTIN GREAT HILLS, TX US",5/30/18,0,96,72
USC00410433,"AUSTIN GREAT HILLS, TX US",5/31/18,0,97,73
USC00410433,"AUSTIN GREAT HILLS, TX US",6/1/18,0,97,75
USC00410433,"AUSTIN GREAT HILLS, TX US",6/2/18,0,97,75
USC00410433,"AUSTIN GREAT HILLS, TX US",6/3/18,0,99,75
USC00410433,"AUSTIN GREAT HILLS, TX US",6/4/18,1.43,98,66
USC00410433,"AUSTIN GREAT HILLS, TX US",6/5/18,0,85,69
USC00410433,"AUSTIN GREAT HILLS, TX US",6/6/18,0,97,73
USC00410433,"AUSTIN GREAT HILLS, TX US",6/7/18,0,97,74
USC00410433,"AUSTIN GREAT HILLS, TX US",6/8/18,0,95,73
USC00410433,"AUSTIN GREAT HILLS, TX US",6/9/18,0,95,74
USC00410433,"AUSTIN GREAT HILLS, TX US",6/10/18,0,93,75
USC00410433,"AUSTIN GREAT HILLS, TX US",6/11/18,0,96,76
USC00410433,"AUSTIN GREAT HILLS, TX US",6/12/18,0,95,76
USC00410433,"AUSTIN GREAT HILLS, TX US",6/13/18,0,97,76
USC00410433,"AUSTIN GREAT HILLS, TX US",6/14/18,0,97,73
USC00410433,"AUSTIN GREAT HILLS, TX US",6/15/18,0,97,74
USC00410433,"AUSTIN GREAT HILLS, TX US",6/16/18,0,95,74
USC00410433,"AUSTIN GREAT HILLS, TX US",6/17/18,0,92,74
USC00410433,"AUSTIN GREAT HILLS, TX US",6/18/18,0,92,73
USC00410433,"AUSTIN GREAT HILLS, TX US",6/19/18,0.22,90,73
USC00410433,"AUSTIN GREAT HILLS, TX US",6/20/18,0.33,77,73
USC00410433,"AUSTIN GREAT HILLS, TX US",6/21/18,0.01,85,72
USC00410433,"AUSTIN GREAT HILLS, TX US",6/22/18,0,92,73
USC00410433,"AUSTIN GREAT HILLS, TX US",6/23/18,0,98,74
USC00410433,"AUSTIN GREAT HILLS, TX US",6/24/18,0,97,74
USC00410433,"AUSTIN GREAT HILLS, TX US",6/25/18,0,96,76
USC00410433,"AUSTIN GREAT HILLS, TX US",6/26/18,0.01,94,77
USC00410433,"AUSTIN GREAT HILLS, TX US",6/27/18,0,98,74
USC00410433,"AUSTIN GREAT HILLS, TX US",6/28/18,0,99,74
USC00410433,"AUSTIN GREAT HILLS, TX US",6/29/18,0,97,75
USC00410433,"AUSTIN GREAT HILLS, TX US",6/30/18,0,97,76
USC00410433,"AUSTIN GREAT HILLS, TX US",7/1/18,0,98,75
USC00410433,"AUSTIN GREAT HILLS, TX US",7/2/18,0,101,73
USC00410433,"AUSTIN GREAT HILLS, TX US",7/3/18,0,101,73
USC00410433,"AUSTIN GREAT HILLS, TX US",7/4/18,0,102,74
USC00410433,"AUSTIN GREAT HILLS, TX US",7/5/18,2.28,95,69
USC00410433,"AUSTIN GREAT HILLS, TX US",7/6/18,0.1,91,71
USC00410433,"AUSTIN GREAT HILLS, TX US",7/7/18,0,95,73
USC00410433,"AUSTIN GREAT HILLS, TX US",7/8/18,0.13,90,70
USC00410433,"AUSTIN GREAT HILLS, TX US",7/9/18,0.06,92,70
USC00410433,"AUSTIN GREAT HILLS, TX US",7/10/18,1.3,79,69
USC00410433,"AUSTIN GREAT HILLS, TX US",7/11/18,0,92,72
USC00410433,"AUSTIN GREAT HILLS, TX US",7/12/18,0,94,72
USC00410433,"AUSTIN GREAT HILLS, TX US",7/13/18,0,95,73
USC00410433,"AUSTIN GREAT HILLS, TX US",7/14/18,0,94,74
USC00410433,"AUSTIN GREAT HILLS, TX US",7/15/18,0,95,75
USC00410433,"AUSTIN GREAT HILLS, TX US",7/16/18,0,95,74
USC00410433,"AUSTIN GREAT HILLS, TX US",7/17/18,0,97,72
USC00410433,"AUSTIN GREAT HILLS, TX US",7/18/18,0,99,72
USC00410433,"AUSTIN GREAT HILLS, TX US",7/19/18,0,101,75
USC00410433,"AUSTIN GREAT HILLS, TX US",7/20/18,0,101,75
USC00410433,"AUSTIN GREAT HILLS, TX US",7/21/18,0,102,73
USC00410433,"AUSTIN GREAT HILLS, TX US",7/22/18,0,102,73
USC00410433,"AUSTIN GREAT HILLS, TX US",7/23/18,0,104,74
USC00410433,"AUSTIN GREAT HILLS, TX US",7/24/18,0,108,74
USC00410433,"AUSTIN GREAT HILLS, TX US",7/25/18,0,99,75
USC00410433,"AUSTIN GREAT HILLS, TX US",7/26/18,0,99,71
USC00410433,"AUSTIN GREAT HILLS, TX US",7/27/18,0,100,70
USC00410433,"AUSTIN GREAT HILLS, TX US",7/28/18,0,101,71
USC00410433,"AUSTIN GREAT HILLS, TX US",7/29/18,0,100,72
USC00410433,"AUSTIN GREAT HILLS, TX US",7/30/18,0,102,75
USC00410433,"AUSTIN GREAT HILLS, TX US",7/31/18,0,99,76
USC00410433,"AUSTIN GREAT HILLS, TX US",8/1/18,0,97,70
USC00410433,"AUSTIN GREAT HILLS, TX US",8/2/18,0,98,66
USC00410433,"AUSTIN GREAT HILLS, TX US",8/3/18,0,98,67
USC00410433,"AUSTIN GREAT HILLS, TX US",8/4/18,0,98,70
USC00410433,"AUSTIN GREAT HILLS, TX US",8/5/18,0,98,73
USC00410433,"AUSTIN GREAT HILLS, TX US",8/6/18,0,97,74
USC00410433,"AUSTIN GREAT HILLS, TX US",8/7/18,0,99,74
USC00410433,"AUSTIN GREAT HILLS, TX US",8/8/18,0,99,75
USC00410433,"AUSTIN GREAT HILLS, TX US",8/9/18,0,100,74
USC00410433,"AUSTIN GREAT HILLS, TX US",8/10/18,0,99,74
USC00410433,"AUSTIN GREAT HILLS, TX US",8/11/18,0.04,94,72
USC00410433,"AUSTIN GREAT HILLS, TX US",8/12/18,0.57,95,73
USC00410433,"AUSTIN GREAT HILLS, TX US",8/13/18,0.08,88,73
USC00410433,"AUSTIN GREAT HILLS, TX US",8/14/18,0,96,74
USC00410433,"AUSTIN GREAT HILLS, TX US",8/15/18,0,96,74
USC00410433,"AUSTIN GREAT HILLS, TX US",8/16/18,0,99,76
USC00410433,"AUSTIN GREAT HILLS, TX US",8/17/18,0,100,74
USC00410433,"AUSTIN GREAT HILLS, TX US",8/18/18,0,102,74
USC00410433,"AUSTIN GREAT HILLS, TX US",8/19/18,0,101,75
USC00410433,"AUSTIN GREAT HILLS, TX US",8/20/18,0,100,75
USC00410433,"AUSTIN GREAT HILLS, TX US",8/21/18,0,102,76
USC00410433,"AUSTIN GREAT HILLS, TX US",8/22/18,0,101,76
USC00410433,"AUSTIN GREAT HILLS, TX US",8/23/18,0,102,74
USC00410433,"AUSTIN GREAT HILLS, TX US",8/24/18,0,102,75
USC00410433,"AUSTIN GREAT HILLS, TX US",8/25/18,0,101,75
USC00410433,"AUSTIN GREAT HILLS, TX US",8/26/18,0,99,77
USC00410433,"AUSTIN GREAT HILLS, TX US",8/27/18,0,100,77
USC00410433,"AUSTIN GREAT HILLS, TX US",8/28/18,0,99,77
USC00410433,"AUSTIN GREAT HILLS, TX US",8/29/18,0,100,76
USC00410433,"AUSTIN GREAT HILLS, TX US",8/30/18,0,100,74
USC00410433,"AUSTIN GREAT HILLS, TX US",8/31/18,0,97,69
USC00410433,"AUSTIN GREAT HILLS, TX US",9/1/18,0,99,70
USC00410433,"AUSTIN GREAT HILLS, TX US",9/2/18,0,97,71
USC00410433,"AUSTIN GREAT HILLS, TX US",9/3/18,0,98,75
USC00410433,"AUSTIN GREAT HILLS, TX US",9/4/18,0.19,94,74
USC00410433,"AUSTIN GREAT HILLS, TX US",9/5/18,0.52,90,73
USC00410433,"AUSTIN GREAT HILLS, TX US",9/6/18,0,93,73
USC00410433,"AUSTIN GREAT HILLS, TX US",9/7/18,1.12,94,72
USC00410433,"AUSTIN GREAT HILLS, TX US",9/8/18,0.29,87,71
USC00410433,"AUSTIN GREAT HILLS, TX US",9/9/18,0.34,84,71
USC00410433,"AUSTIN GREAT HILLS, TX US",9/10/18,1.06,76,69
USC00410433,"AUSTIN GREAT HILLS, TX US",9/11/18,0.1,73,69
USC00410433,"AUSTIN GREAT HILLS, TX US",9/12/18,0.44,79,70
USC00410433,"AUSTIN GREAT HILLS, TX US",9/13/18,0.41,84,70
USC00410433,"AUSTIN GREAT HILLS, TX US",9/14/18,0,88,71
USC00410433,"AUSTIN GREAT HILLS, TX US",9/15/18,0.35,81,72
USC00410433,"AUSTIN GREAT HILLS, TX US",9/16/18,0.34,82,71
USC00410433,"AUSTIN GREAT HILLS, TX US",9/17/18,0,88,68
USC00410433,"AUSTIN GREAT HILLS, TX US",9/18/18,0,90,68
USC00410433,"AUSTIN GREAT HILLS, TX US",9/19/18,0,92,69
USC00410433,"AUSTIN GREAT HILLS, TX US",9/20/18,0,91,69
USC00410433,"AUSTIN GREAT HILLS, TX US",9/21/18,0.31,85,72
USC00410433,"AUSTIN GREAT HILLS, TX US",9/22/18,3.26,85,72
USC00410433,"AUSTIN GREAT HILLS, TX US",9/23/18,0.01,76,64
USC00410433,"AUSTIN GREAT HILLS, TX US",9/24/18,0.01,75,66
USC00410433,"AUSTIN GREAT HILLS, TX US",9/25/18,0,86,68
USC00410433,"AUSTIN GREAT HILLS, TX US",9/26/18,0,91,73
USC00410433,"AUSTIN GREAT HILLS, TX US",9/27/18,0,84,60
USC00410433,"AUSTIN GREAT HILLS, TX US",9/28/18,0,79,60
USC00410433,"AUSTIN GREAT HILLS, TX US",9/29/18,0.2,82,61
USC00410433,"AUSTIN GREAT HILLS, TX US",9/30/18,0.63,76,68
USC00410433,"AUSTIN GREAT HILLS, TX US",10/1/18,0,84,68
USC00410433,"AUSTIN GREAT HILLS, TX US",10/2/18,0.04,86,69
USC00410433,"AUSTIN GREAT HILLS, TX US",10/3/18,0,87,72
USC00410433,"AUSTIN GREAT HILLS, TX US",10/4/18,0,89,72
USC00410433,"AUSTIN GREAT HILLS, TX US",10/5/18,0,89,72
USC00410433,"AUSTIN GREAT HILLS, TX US",10/6/18,0.01,89,73
USC00410433,"AUSTIN GREAT HILLS, TX US",10/7/18,0.36,87,71
USC00410433,"AUSTIN GREAT HILLS, TX US",10/8/18,0,86,73
USC00410433,"AUSTIN GREAT HILLS, TX US",10/9/18,1.77,81,69
USC00410433,"AUSTIN GREAT HILLS, TX US",10/10/18,0.59,77,64
USC00410433,"AUSTIN GREAT HILLS, TX US",10/11/18,0,76,59
USC00410433,"AUSTIN GREAT HILLS, TX US",10/12/18,0,72,58
USC00410433,"AUSTIN GREAT HILLS, TX US",10/13/18,0.02,84,68
USC00410433,"AUSTIN GREAT HILLS, TX US",10/14/18,0.49,88,65
USC00410433,"AUSTIN GREAT HILLS, TX US",10/15/18,0.07,88,44
USC00410433,"AUSTIN GREAT HILLS, TX US",10/16/18,2.35,46,42
USC00410433,"AUSTIN GREAT HILLS, TX US",10/17/18,0.11,49,46
USC00410433,"AUSTIN GREAT HILLS, TX US",10/18/18,0.04,56,49
USC00410433,"AUSTIN GREAT HILLS, TX US",10/19/18,0.32,58,52
USC00410433,"AUSTIN GREAT HILLS, TX US",10/20/18,1.16,62,58
USC00410433,"AUSTIN GREAT HILLS, TX US",10/21/18,0,64,53
USC00410433,"AUSTIN GREAT HILLS, TX US",10/22/18,0,70,53
USC00410433,"AUSTIN GREAT HILLS, TX US",10/23/18,0.07,63,52
USC00410433,"AUSTIN GREAT HILLS, TX US",10/24/18,0.11,67,53
USC00410433,"AUSTIN GREAT HILLS, TX US",10/25/18,0.5,61,55
USC00410433,"AUSTIN GREAT HILLS, TX US",10/26/18,0,66,52
USC00410433,"AUSTIN GREAT HILLS, TX US",10/27/18,0,76,52
USC00410433,"AUSTIN GREAT HILLS, TX US",10/28/18,0,84,55
USC00410433,"AUSTIN GREAT HILLS, TX US",10/29/18,0,84,55
USC00410433,"AUSTIN GREAT HILLS, TX US",10/30/18,0,82,59
USC00410433,"AUSTIN GREAT HILLS, TX US",10/31/18,0,82,66
USC00410433,"AUSTIN GREAT HILLS, TX US",11/1/18,0.08,80,50
USC00410433,"AUSTIN GREAT HILLS, TX US",11/2/18,0,66,43
USC00410433,"AUSTIN GREAT HILLS, TX US",11/3/18,0,74,44
USC00410433,"AUSTIN GREAT HILLS, TX US",11/4/18,0.18,76,53
USC00410433,"AUSTIN GREAT HILLS, TX US",11/5/18,0,70,53
USC00410433,"AUSTIN GREAT HILLS, TX US",11/6/18,0,80,59
USC00410433,"AUSTIN GREAT HILLS, TX US",11/7/18,0,76,63
USC00410433,"AUSTIN GREAT HILLS, TX US",11/8/18,0,85,56
USC00410433,"AUSTIN GREAT HILLS, TX US",11/9/18,1.56,60,47
USC00410433,"AUSTIN GREAT HILLS, TX US",11/10/18,0,57,45
USC00410433,"AUSTIN GREAT HILLS, TX US",11/11/18,0,52,45
USC00410433,"AUSTIN GREAT HILLS, TX US",11/12/18,0.24,54,46
USC00410433,"AUSTIN GREAT HILLS, TX US",11/13/18,0.05,48,33
USC00410433,"AUSTIN GREAT HILLS, TX US",11/14/18,0,46,26
USC00410433,"AUSTIN GREAT HILLS, TX US",11/15/18,0,54,27
USC00410433,"AUSTIN GREAT HILLS, TX US",11/16/18,0,65,31
USC00410433,"AUSTIN GREAT HILLS, TX US",11/17/18,0,69,37
USC00410433,"AUSTIN GREAT HILLS, TX US",11/18/18,0,72,43
USC00410433,"AUSTIN GREAT HILLS, TX US",11/19/18,0.04,50,41
USC00410433,"AUSTIN GREAT HILLS, TX US",11/20/18,0,51,40
USC00410433,"AUSTIN GREAT HILLS, TX US",11/21/18,0,60,38
USC00410433,"AUSTIN GREAT HILLS, TX US",11/22/18,0.06,55,41
USC00410433,"AUSTIN GREAT HILLS, TX US",11/23/18,0,62,48
USC00410433,"AUSTIN GREAT HILLS, TX US",11/24/18,0,75,44
USC00410433,"AUSTIN GREAT HILLS, TX US",11/25/18,0,74,44
USC00410433,"AUSTIN GREAT HILLS, TX US",11/26/18,0,65,40
USC00410433,"AUSTIN GREAT HILLS, TX US",11/27/18,0,57,30
USC00410433,"AUSTIN GREAT HILLS, TX US",11/28/18,0,63,30
USC00410433,"AUSTIN GREAT HILLS, TX US",11/29/18,0,69,42
USC00410433,"AUSTIN GREAT HILLS, TX US",11/30/18,0.03,76,55
USC00410433,"AUSTIN GREAT HILLS, TX US",12/1/18,0.16,74,50
USC00410433,"AUSTIN GREAT HILLS, TX US",12/2/18,0,74,47
USC00410433,"AUSTIN GREAT HILLS, TX US",12/3/18,0,67,45
USC00410433,"AUSTIN GREAT HILLS, TX US",12/4/18,0,61,37
USC00410433,"AUSTIN GREAT HILLS, TX US",12/5/18,0,55,34
USC00410433,"AUSTIN GREAT HILLS, TX US",12/6/18,0,55,34
USC00410433,"AUSTIN GREAT HILLS, TX US",12/7/18,0.47,54,49
USC00410433,"AUSTIN GREAT HILLS, TX US",12/8/18,1.66,49,42
USC00410433,"AUSTIN GREAT HILLS, TX US",12/9/18,0.01,43,35
USC00410433,"AUSTIN GREAT HILLS, TX US",12/10/18,0,53,34
USC00410433,"AUSTIN GREAT HILLS, TX US",12/11/18,0,57,34
USC00410433,"AUSTIN GREAT HILLS, TX US",12/12/18,0,60,34
USC00410433,"AUSTIN GREAT HILLS, TX US",12/13/18,0,64,52
USC00410433,"AUSTIN GREAT HILLS, TX US",12/14/18,0,67,41
USC00410433,"AUSTIN GREAT HILLS, TX US",12/15/18,0,51,39
USC00410433,"AUSTIN GREAT HILLS, TX US",12/16/18,0,65,34
USC00410433,"AUSTIN GREAT HILLS, TX US",12/17/18,0,62,40
USC00410433,"AUSTIN GREAT HILLS, TX US",12/18/18,0,68,38
USC00410433,"AUSTIN GREAT HILLS, TX US",12/19/18,0,64,46
USC00410433,"AUSTIN GREAT HILLS, TX US",12/20/18,0.02,60,49
USC00410433,"AUSTIN GREAT HILLS, TX US",12/21/18,0,63,37
USC00410433,"AUSTIN GREAT HILLS, TX US",12/22/18,0,65,37
USC00410433,"AUSTIN GREAT HILLS, TX US",12/23/18,0,79,45
USC00410433,"AUSTIN GREAT HILLS, TX US",12/24/18,0,61,36
USC00410433,"AUSTIN GREAT HILLS, TX US",12/25/18,0,59,36
USC00410433,"AUSTIN GREAT HILLS, TX US",12/26/18,0,71,59
USC00410433,"AUSTIN GREAT HILLS, TX US",12/27/18,2.85,68,48
USC00410433,"AUSTIN GREAT HILLS, TX US",12/28/18,0,67,38
USC00410433,"AUSTIN GREAT HILLS, TX US",12/29/18,0,53,38
USC00410433,"AUSTIN GREAT HILLS, TX US",12/30/18,0,45,37
USC00410433,"AUSTIN GREAT HILLS, TX US",12/31/18,0.3,42,37
USC00410433,"AUSTIN GREAT HILLS, TX US",1/1/19,0,62,38
USC00410433,"AUSTIN GREAT HILLS, TX US",1/2/19,0.42,43,34
USC00410433,"AUSTIN GREAT HILLS, TX US",1/3/19,1.63,38,35
USC00410433,"AUSTIN GREAT HILLS, TX US",1/4/19,0.01,49,31
USC00410433,"AUSTIN GREAT HILLS, TX US",1/5/19,0,61,33
USC00410433,"AUSTIN GREAT HILLS, TX US",1/6/19,0,73,39
USC00410433,"AUSTIN GREAT HILLS, TX US",1/7/19,0,70,42
USC00410433,"AUSTIN GREAT HILLS, TX US",1/8/19,0,75,55
USC00410433,"AUSTIN GREAT HILLS, TX US",1/9/19,0,76,49
USC00410433,"AUSTIN GREAT HILLS, TX US",1/10/19,0,60,40
USC00410433,"AUSTIN GREAT HILLS, TX US",1/11/19,0,58,46
USC00410433,"AUSTIN GREAT HILLS, TX US",1/12/19,0.36,57,49
USC00410433,"AUSTIN GREAT HILLS, TX US",1/13/19,0,60,36
USC00410433,"AUSTIN GREAT HILLS, TX US",1/14/19,0,52,36
USC00410433,"AUSTIN GREAT HILLS, TX US",1/15/19,0,52,36
USC00410433,"AUSTIN GREAT HILLS, TX US",1/16/19,0,51,44
USC00410433,"AUSTIN GREAT HILLS, TX US",1/17/19,0.02,56,49
USC00410433,"AUSTIN GREAT HILLS, TX US",1/18/19,0,73,48
USC00410433,"AUSTIN GREAT HILLS, TX US",1/19/19,0,64,44
USC00410433,"AUSTIN GREAT HILLS, TX US",1/20/19,0,59,29
USC00410433,"AUSTIN GREAT HILLS, TX US",1/21/19,0,54,31
USC00410433,"AUSTIN GREAT HILLS, TX US",1/22/19,0,64,35
USC00410433,"AUSTIN GREAT HILLS, TX US",1/23/19,0.36,66,34
USC00410433,"AUSTIN GREAT HILLS, TX US",1/24/19,0,54,30
USC00410433,"AUSTIN GREAT HILLS, TX US",1/25/19,0,62,30
USC00410433,"AUSTIN GREAT HILLS, TX US",1/26/19,0,58,41
USC00410433,"AUSTIN GREAT HILLS, TX US",1/27/19,0.29,60,41
USC00410433,"AUSTIN GREAT HILLS, TX US",1/28/19,0,64,41
USC00410433,"AUSTIN GREAT HILLS, TX US",1/29/19,0,71,34
USC00410433,"AUSTIN GREAT HILLS, TX US",1/30/19,0,49,34
USC00410433,"AUSTIN GREAT HILLS, TX US",1/31/19,0,55,36
USC00410433,"AUSTIN GREAT HILLS, TX US",2/1/19,0.05,56,45
USC00410433,"AUSTIN GREAT HILLS, TX US",2/2/19,0.01,64,55
USC00410433,"AUSTIN GREAT HILLS, TX US",2/3/19,0.03,63,58
USC00410433,"AUSTIN GREAT HILLS, TX US",2/4/19,0,74,60
USC00410433,"AUSTIN GREAT HILLS, TX US",2/5/19,0,74,64
USC00410433,"AUSTIN GREAT HILLS, TX US",2/6/19,0,77,66
USC00410433,"AUSTIN GREAT HILLS, TX US",2/7/19,0,73,67
USC00410433,"AUSTIN GREAT HILLS, TX US",2/8/19,0.06,70,32
USC00410433,"AUSTIN GREAT HILLS, TX US",2/9/19,0.04,35,32
USC00410433,"AUSTIN GREAT HILLS, TX US",2/10/19,0.09,40,33
USC00410433,"AUSTIN GREAT HILLS, TX US",2/11/19,0.02,51,38
USC00410433,"AUSTIN GREAT HILLS, TX US",2/12/19,0.04,60,45
USC00410433,"AUSTIN GREAT HILLS, TX US",2/13/19,0,63,29
USC00410433,"AUSTIN GREAT HILLS, TX US",2/14/19,0,64,29
USC00410433,"AUSTIN GREAT HILLS, TX US",2/15/19,0,74,52
USC00410433,"AUSTIN GREAT HILLS, TX US",2/16/19,0,88,42
USC00410433,"AUSTIN GREAT HILLS, TX US",2/17/19,0,56,42
USC00410433,"AUSTIN GREAT HILLS, TX US",2/18/19,0,61,42
USC00410433,"AUSTIN GREAT HILLS, TX US",2/19/19,0,57,39
USC00410433,"AUSTIN GREAT HILLS, TX US",2/20/19,0.29,43,38
USC00410433,"AUSTIN GREAT HILLS, TX US",2/21/19,0,64,38
USC00410433,"AUSTIN GREAT HILLS, TX US",2/22/19,0,54,49
USC00410433,"AUSTIN GREAT HILLS, TX US",2/23/19,0.04,58,46
USC00410433,"AUSTIN GREAT HILLS, TX US",2/24/19,0,71,42
USC00410433,"AUSTIN GREAT HILLS, TX US",2/25/19,0,63,41
USC00410433,"AUSTIN GREAT HILLS, TX US",2/26/19,0,67,44
USC00410433,"AUSTIN GREAT HILLS, TX US",2/27/19,0,69,53
USC00410433,"AUSTIN GREAT HILLS, TX US",2/28/19,0,77,38
USC00410433,"AUSTIN GREAT HILLS, TX US",3/1/19,0.09,43,38
USC00410433,"AUSTIN GREAT HILLS, TX US",3/2/19,0,52,41
USC00410433,"AUSTIN GREAT HILLS, TX US",3/3/19,0.02,50,43
USC00410433,"AUSTIN GREAT HILLS, TX US",3/4/19,0,43,27
USC00410433,"AUSTIN GREAT HILLS, TX US",3/5/19,0,37,24
USC00410433,"AUSTIN GREAT HILLS, TX US",3/6/19,0,47,24
USC00410433,"AUSTIN GREAT HILLS, TX US",3/7/19,0,59,26
USC00410433,"AUSTIN GREAT HILLS, TX US",3/8/19,0,74,51
USC00410433,"AUSTIN GREAT HILLS, TX US",3/9/19,0.09,81,65
USC00410433,"AUSTIN GREAT HILLS, TX US",3/10/19,0,85,55
USC00410433,"AUSTIN GREAT HILLS, TX US",3/11/19,0.01,74,54
USC00410433,"AUSTIN GREAT HILLS, TX US",3/12/19,0.01,60,54
USC00410433,"AUSTIN GREAT HILLS, TX US",3/13/19,0.04,75,54
USC00410433,"AUSTIN GREAT HILLS, TX US",3/14/19,0.39,81,54
USC00410433,"AUSTIN GREAT HILLS, TX US",3/15/19,0,74,47
USC00410433,"AUSTIN GREAT HILLS, TX US",3/16/19,0,59,44
USC00410433,"AUSTIN GREAT HILLS, TX US",3/17/19,0,62,44
USC00410433,"AUSTIN GREAT HILLS, TX US",3/18/19,0,68,43
USC00410433,"AUSTIN GREAT HILLS, TX US",3/19/19,0,72,43
USC00410433,"AUSTIN GREAT HILLS, TX US",3/20/19,0,71,49
USC00410433,"AUSTIN GREAT HILLS, TX US",3/21/19,0,75,45
USC00410433,"AUSTIN GREAT HILLS, TX US",3/22/19,0,79,46
USC00410433,"AUSTIN GREAT HILLS, TX US",3/23/19,0,80,49
USC00410433,"AUSTIN GREAT HILLS, TX US",3/24/19,0,72,61
USC00410433,"AUSTIN GREAT HILLS, TX US",3/25/19,0,81,64
USC00410433,"AUSTIN GREAT HILLS, TX US",3/26/19,0,80,53
USC00410433,"AUSTIN GREAT HILLS, TX US",3/27/19,0,78,48
USC00410433,"AUSTIN GREAT HILLS, TX US",3/28/19,0,78,48
USC00410433,"AUSTIN GREAT HILLS, TX US",3/29/19,0.07,78,57
USC00410433,"AUSTIN GREAT HILLS, TX US",3/30/19,0,78,61
USC00410433,"AUSTIN GREAT HILLS, TX US",3/31/19,0,68,44
USC00410433,"AUSTIN GREAT HILLS, TX US",4/1/19,0,58,40
USC00410433,"AUSTIN GREAT HILLS, TX US",4/2/19,0,64,37
USC00410433,"AUSTIN GREAT HILLS, TX US",4/3/19,0,74,37
USC00410433,"AUSTIN GREAT HILLS, TX US",4/4/19,0.08,68,55
USC00410433,"AUSTIN GREAT HILLS, TX US",4/5/19,0,89,62
USC00410433,"AUSTIN GREAT HILLS, TX US",4/6/19,0,81,63
USC00410433,"AUSTIN GREAT HILLS, TX US",4/7/19,2.13,72,64
USC00410433,"AUSTIN GREAT HILLS, TX US",4/8/19,0.82,67,58
USC00410433,"AUSTIN GREAT HILLS, TX US",4/9/19,0,85,55
USC00410433,"AUSTIN GREAT HILLS, TX US",4/10/19,0,90,56
USC00410433,"AUSTIN GREAT HILLS, TX US",4/11/19,0,91,60
USC00410433,"AUSTIN GREAT HILLS, TX US",4/12/19,0,81,50
USC00410433,"AUSTIN GREAT HILLS, TX US",4/13/19,0.04,78,52
USC00410433,"AUSTIN GREAT HILLS, TX US",4/14/19,0.4,63,44
USC00410433,"AUSTIN GREAT HILLS, TX US",4/15/19,0,74,45
USC00410433,"AUSTIN GREAT HILLS, TX US",4/16/19,0,81,53
USC00410433,"AUSTIN GREAT HILLS, TX US",4/17/19,0,80,63
USC00410433,"AUSTIN GREAT HILLS, TX US",4/18/19,0.64,81,58
USC00410433,"AUSTIN GREAT HILLS, TX US",4/19/19,0,73,54
USC00410433,"AUSTIN GREAT HILLS, TX US",4/20/19,0,75,45
USC00410433,"AUSTIN GREAT HILLS, TX US",4/21/19,0,83,46
USC00410433,"AUSTIN GREAT HILLS, TX US",4/22/19,0,83,57
USC00410433,"AUSTIN GREAT HILLS, TX US",4/23/19,0,80,65
USC00410433,"AUSTIN GREAT HILLS, TX US",4/24/19,0.04,77,60
USC00410433,"AUSTIN GREAT HILLS, TX US",4/25/19,1.91,61,54
USC00410433,"AUSTIN GREAT HILLS, TX US",4/26/19,0,84,55
USC00410433,"AUSTIN GREAT HILLS, TX US",4/27/19,0,81,58
USC00410433,"AUSTIN GREAT HILLS, TX US",4/28/19,0,84,59
USC00410433,"AUSTIN GREAT HILLS, TX US",4/29/19,0,84,65
USC00410433,"AUSTIN GREAT HILLS, TX US",4/30/19,0,82,68
USC00410433,"AUSTIN GREAT HILLS, TX US",5/1/19,0,81,72
USC00410433,"AUSTIN GREAT HILLS, TX US",5/2/19,0.15,81,61
USC00410433,"AUSTIN GREAT HILLS, TX US",5/3/19,0.34,79,61
USC00410433,"AUSTIN GREAT HILLS, TX US",5/4/19,1.07,79,58
USC00410433,"AUSTIN GREAT HILLS, TX US",5/5/19,0,80,58
USC00410433,"AUSTIN GREAT HILLS, TX US",5/6/19,0,83,58
USC00410433,"AUSTIN GREAT HILLS, TX US",5/7/19,0,74,66
USC00410433,"AUSTIN GREAT HILLS, TX US",5/8/19,1.07,85,67
USC00410433,"AUSTIN GREAT HILLS, TX US",5/9/19,1.04,76,65
USC00410433,"AUSTIN GREAT HILLS, TX US",5/10/19,0.06,83,53
USC00410433,"AUSTIN GREAT HILLS, TX US",5/11/19,0.1,66,53
USC00410433,"AUSTIN GREAT HILLS, TX US",5/12/19,0.07,62,55
USC00410433,"AUSTIN GREAT HILLS, TX US",5/13/19,0,77,53
USC00410433,"AUSTIN GREAT HILLS, TX US",5/14/19,0,82,54
USC00410433,"AUSTIN GREAT HILLS, TX US",5/15/19,0,80,60
USC00410433,"AUSTIN GREAT HILLS, TX US",5/16/19,0,86,62
USC00410433,"AUSTIN GREAT HILLS, TX US",5/17/19,0,85,66
USC00410433,"AUSTIN GREAT HILLS, TX US",5/18/19,0,87,71
USC00410433,"AUSTIN GREAT HILLS, TX US",5/19/19,0.05,83,74
USC00410433,"AUSTIN GREAT HILLS, TX US",5/20/19,0,91,74
USC00410433,"AUSTIN GREAT HILLS, TX US",5/21/19,0,88,75
USC00410433,"AUSTIN GREAT HILLS, TX US",5/22/19,0.2,86,62
USC00410433,"AUSTIN GREAT HILLS, TX US",5/23/19,0,89,74
USC00410433,"AUSTIN GREAT HILLS, TX US",5/24/19,0,90,74
USC00410433,"AUSTIN GREAT HILLS, TX US",5/25/19,0,87,73
USC00410433,"AUSTIN GREAT HILLS, TX US",5/26/19,0,89,73
USC00410433,"AUSTIN GREAT HILLS, TX US",5/27/19,0,90,72
USC00410433,"AUSTIN GREAT HILLS, TX US",5/28/19,0,88,72
USC00410433,"AUSTIN GREAT HILLS, TX US",5/29/19,0,86,73
USC00410433,"AUSTIN GREAT HILLS, TX US",5/30/19,0.56,90,69
USC00410433,"AUSTIN GREAT HILLS, TX US",5/31/19,0,81,70
USC00410433,"AUSTIN GREAT HILLS, TX US",6/1/19,0,90,72
USC00410433,"AUSTIN GREAT HILLS, TX US",6/2/19,0,91,72
USC00410433,"AUSTIN GREAT HILLS, TX US",6/3/19,0,93,72
USC00410433,"AUSTIN GREAT HILLS, TX US",6/4/19,0,92,72
USC00410433,"AUSTIN GREAT HILLS, TX US",6/5/19,0.94,81,71
USC00410433,"AUSTIN GREAT HILLS, TX US",6/6/19,0.41,86,65
USC00410433,"AUSTIN GREAT HILLS, TX US",6/7/19,0.25,88,65
USC00410433,"AUSTIN GREAT HILLS, TX US",6/8/19,0,92,68
USC00410433,"AUSTIN GREAT HILLS, TX US",6/9/19,0,96,68
USC00410433,"AUSTIN GREAT HILLS, TX US",6/10/19,0.98,96,69
USC00410433,"AUSTIN GREAT HILLS, TX US",6/11/19,0,84,68
USC00410433,"AUSTIN GREAT HILLS, TX US",6/12/19,0.04,79,63
USC00410433,"AUSTIN GREAT HILLS, TX US",6/13/19,0,88,65
USC00410433,"AUSTIN GREAT HILLS, TX US",6/14/19,0,89,67
USC00410433,"AUSTIN GREAT HILLS, TX US",6/15/19,0,89,68
USC00410433,"AUSTIN GREAT HILLS, TX US",6/16/19,0,93,75
USC00410433,"AUSTIN GREAT HILLS, TX US",6/17/19,1,93,66
USC00410433,"AUSTIN GREAT HILLS, TX US",6/18/19,0,86,67
USC00410433,"AUSTIN GREAT HILLS, TX US",6/19/19,0,92,69
USC00410433,"AUSTIN GREAT HILLS, TX US",6/20/19,0,95,76
USC00410433,"AUSTIN GREAT HILLS, TX US",6/21/19,0,95,78
USC00410433,"AUSTIN GREAT HILLS, TX US",6/22/19,0,93,73
USC00410433,"AUSTIN GREAT HILLS, TX US",6/23/19,0,90,73
USC00410433,"AUSTIN GREAT HILLS, TX US",6/24/19,0.15,96,66
USC00410433,"AUSTIN GREAT HILLS, TX US",6/25/19,0.33,81,65
USC00410433,"AUSTIN GREAT HILLS, TX US",6/26/19,0,91,66
USC00410433,"AUSTIN GREAT HILLS, TX US",6/27/19,0,90,71
USC00410433,"AUSTIN GREAT HILLS, TX US",6/28/19,0.52,93,70
USC00410433,"AUSTIN GREAT HILLS, TX US",6/29/19,0,93,69
USC00410433,"AUSTIN GREAT HILLS, TX US",6/30/19,0.54,94,67
USC00410433,"AUSTIN GREAT HILLS, TX US",7/1/19,0.03,86,69
USC00410433,"AUSTIN GREAT HILLS, TX US",7/2/19,0,91,72
USC00410433,"AUSTIN GREAT HILLS, TX US",7/3/19,0,93,73
USC00410433,"AUSTIN GREAT HILLS, TX US",7/4/19,0.69,91,72
USC00410433,"AUSTIN GREAT HILLS, TX US",7/5/19,0,91,74
USC00410433,"AUSTIN GREAT HILLS, TX US",7/6/19,0,93,75
USC00410433,"AUSTIN GREAT HILLS, TX US",7/7/19,0,94,75
USC00410433,"AUSTIN GREAT HILLS, TX US",7/8/19,0,95,75
USC00410433,"AUSTIN GREAT HILLS, TX US",7/9/19,0.96,95,69
USC00410433,"AUSTIN GREAT HILLS, TX US",7/10/19,0,95,75
USC00410433,"AUSTIN GREAT HILLS, TX US",7/11/19,0,97,72
USC00410433,"AUSTIN GREAT HILLS, TX US",7/12/19,0,94,73
USC00410433,"AUSTIN GREAT HILLS, TX US",7/13/19,0,94,72
USC00410433,"AUSTIN GREAT HILLS, TX US",7/14/19,0,92,74
USC00410433,"AUSTIN GREAT HILLS, TX US",7/15/19,0,95,73
USC00410433,"AUSTIN GREAT HILLS, TX US",7/16/19,0,98,73
USC00410433,"AUSTIN GREAT HILLS, TX US",7/17/19,0,98,76
USC00410433,"AUSTIN GREAT HILLS, TX US",7/18/19,0,96,76
USC00410433,"AUSTIN GREAT HILLS, TX US",7/19/19,0,98,75
USC00410433,"AUSTIN GREAT HILLS, TX US",7/20/19,0,97,75
USC00410433,"AUSTIN GREAT HILLS, TX US",7/21/19,0,97,74
USC00410433,"AUSTIN GREAT HILLS, TX US",7/22/19,0,98,74
USC00410433,"AUSTIN GREAT HILLS, TX US",7/23/19,0.02,99,75
USC00410433,"AUSTIN GREAT HILLS, TX US",7/24/19,0,91,72
USC00410433,"AUSTIN GREAT HILLS, TX US",7/25/19,0,90,61
USC00410433,"AUSTIN GREAT HILLS, TX US",7/26/19,0,90,61
USC00410433,"AUSTIN GREAT HILLS, TX US",7/27/19,0,92,64
USC00410433,"AUSTIN GREAT HILLS, TX US",7/28/19,0,96,67
USC00410433,"AUSTIN GREAT HILLS, TX US",7/29/19,0,98,75
USC00410433,"AUSTIN GREAT HILLS, TX US",7/30/19,0,99,75
USC00410433,"AUSTIN GREAT HILLS, TX US",7/31/19,0,101,74
USC00410433,"AUSTIN GREAT HILLS, TX US",8/1/19,0,100,74
USC00410433,"AUSTIN GREAT HILLS, TX US",8/2/19,0,98,74
USC00410433,"AUSTIN GREAT HILLS, TX US",8/3/19,0,99,75
USC00410433,"AUSTIN GREAT HILLS, TX US",8/4/19,0.43,94,73
USC00410433,"AUSTIN GREAT HILLS, TX US",8/5/19,0,91,73
USC00410433,"AUSTIN GREAT HILLS, TX US",8/6/19,0,97,74
USC00410433,"AUSTIN GREAT HILLS, TX US",8/7/19,0,99,76
USC00410433,"AUSTIN GREAT HILLS, TX US",8/8/19,0,100,77
USC00410433,"AUSTIN GREAT HILLS, TX US",8/9/19,0,101,77
USC00410433,"AUSTIN GREAT HILLS, TX US",8/10/19,0,102,77
USC00410433,"AUSTIN GREAT HILLS, TX US",8/11/19,0,101,77
USC00410433,"AUSTIN GREAT HILLS, TX US",8/12/19,0,102,77
USC00410433,"AUSTIN GREAT HILLS, TX US",8/13/19,0,103,77
USC00410433,"AUSTIN GREAT HILLS, TX US",8/14/19,0,103,76
USC00410433,"AUSTIN GREAT HILLS, TX US",8/15/19,0,101,75
USC00410433,"AUSTIN GREAT HILLS, TX US",8/16/19,0,99,75
USC00410433,"AUSTIN GREAT HILLS, TX US",8/17/19,0,102,76
USC00410433,"AUSTIN GREAT HILLS, TX US",8/18/19,0,102,78
USC00410433,"AUSTIN GREAT HILLS, TX US",8/19/19,0,101,77
USC00410433,"AUSTIN GREAT HILLS, TX US",8/20/19,0,101,77
USC00410433,"AUSTIN GREAT HILLS, TX US",8/21/19,0,100,76
USC00410433,"AUSTIN GREAT HILLS, TX US",8/22/19,0,99,76
USC00410433,"AUSTIN GREAT HILLS, TX US",8/23/19,0,99,76
USC00410433,"AUSTIN GREAT HILLS, TX US",8/24/19,0,97,75
USC00410433,"AUSTIN GREAT HILLS, TX US",8/25/19,0,95,72
USC00410433,"AUSTIN GREAT HILLS, TX US",8/26/19,0,100,72
USC00410433,"AUSTIN GREAT HILLS, TX US",8/27/19,0,101,78
USC00410433,"AUSTIN GREAT HILLS, TX US",8/28/19,0,92,73
USC00410433,"AUSTIN GREAT HILLS, TX US",8/29/19,0,97,74
USC00410433,"AUSTIN GREAT HILLS, TX US",8/30/19,0,100,74
USC00410433,"AUSTIN GREAT HILLS, TX US",8/31/19,0,98,73
USC00410433,"AUSTIN GREAT HILLS, TX US",9/1/19,0,97,73
USC00410433,"AUSTIN GREAT HILLS, TX US",9/2/19,0,97,71
USC00410433,"AUSTIN GREAT HILLS, TX US",9/3/19,0,98,69
USC00410433,"AUSTIN GREAT HILLS, TX US",9/4/19,0,99,69
USC00410433,"AUSTIN GREAT HILLS, TX US",9/5/19,0,98,70
USC00410433,"AUSTIN GREAT HILLS, TX US",9/6/19,0,100,70
USC00410433,"AUSTIN GREAT HILLS, TX US",9/7/19,0,100,72
USC00410433,"AUSTIN GREAT HILLS, TX US",9/8/19,0,100,73
USC00410433,"AUSTIN GREAT HILLS, TX US",9/9/19,0,98,74
USC00410433,"AUSTIN GREAT HILLS, TX US",9/10/19,0,98,75
USC00410433,"AUSTIN GREAT HILLS, TX US",9/11/19,0,99,71
USC00410433,"AUSTIN GREAT HILLS, TX US",9/12/19,0.12,97,70
USC00410433,"AUSTIN GREAT HILLS, TX US",9/13/19,0,96,70
USC00410433,"AUSTIN GREAT HILLS, TX US",9/14/19,0,96,71
USC00410433,"AUSTIN GREAT HILLS, TX US",9/15/19,0,98,69
USC00410433,"AUSTIN GREAT HILLS, TX US",9/16/19,0,95,69
USC00410433,"AUSTIN GREAT HILLS, TX US",9/17/19,0,97,71
USC00410433,"AUSTIN GREAT HILLS, TX US",9/18/19,0,88,70
USC00410433,"AUSTIN GREAT HILLS, TX US",9/19/19,0,97,72
USC00410433,"AUSTIN GREAT HILLS, TX US",9/20/19,0,95,74
USC00410433,"AUSTIN GREAT HILLS, TX US",9/21/19,0,97,77
USC00410433,"AUSTIN GREAT HILLS, TX US",9/22/19,0,95,76
USC00410433,"AUSTIN GREAT HILLS, TX US",9/23/19,0,97,76
USC00410433,"AUSTIN GREAT HILLS, TX US",9/24/19,0,96,76
USC00410433,"AUSTIN GREAT HILLS, TX US",9/25/19,0,96,73
USC00410433,"AUSTIN GREAT HILLS, TX US",9/26/19,0,97,73
USC00410433,"AUSTIN GREAT HILLS, TX US",9/27/19,0,96,73
USC00410433,"AUSTIN GREAT HILLS, TX US",9/28/19,0,95,74
USC00410433,"AUSTIN GREAT HILLS, TX US",9/29/19,0.09,93,76
USC00410433,"AUSTIN GREAT HILLS, TX US",9/30/19,0,95,76
USC00410433,"AUSTIN GREAT HILLS, TX US",10/1/19,0.09,95,75
USC00410433,"AUSTIN GREAT HILLS, TX US",10/2/19,0,95,75
USC00410433,"AUSTIN GREAT HILLS, TX US",10/3/19,0,95,72
USC00410433,"AUSTIN GREAT HILLS, TX US",10/4/19,0,94,71
USC00410433,"AUSTIN GREAT HILLS, TX US",10/5/19,0,93,68
USC00410433,"AUSTIN GREAT HILLS, TX US",10/6/19,0,94,67
USC00410433,"AUSTIN GREAT HILLS, TX US",10/7/19,0,95,66
USC00410433,"AUSTIN GREAT HILLS, TX US",10/8/19,0,81,59
USC00410433,"AUSTIN GREAT HILLS, TX US",10/9/19,0,84,59
USC00410433,"AUSTIN GREAT HILLS, TX US",10/10/19,0,91,70
USC00410433,"AUSTIN GREAT HILLS, TX US",10/11/19,0.37,95,50
USC00410433,"AUSTIN GREAT HILLS, TX US",10/12/19,0,56,45
USC00410433,"AUSTIN GREAT HILLS, TX US",10/13/19,0.01,66,51
USC00410433,"AUSTIN GREAT HILLS, TX US",10/14/19,0,79,54
USC00410433,"AUSTIN GREAT HILLS, TX US",10/15/19,0,85,66
USC00410433,"AUSTIN GREAT HILLS, TX US",10/16/19,0.44,92,60
USC00410433,"AUSTIN GREAT HILLS, TX US",10/17/19,0,66,51
USC00410433,"AUSTIN GREAT HILLS, TX US",10/18/19,0,74,47
USC00410433,"AUSTIN GREAT HILLS, TX US",10/19/19,0,82,48
USC00410433,"AUSTIN GREAT HILLS, TX US",10/20/19,0,92,61
USC00410433,"AUSTIN GREAT HILLS, TX US",10/21/19,0.4,90,59
USC00410433,"AUSTIN GREAT HILLS, TX US",10/22/19,0,76,48